DateId	Date	DayNumber	DayofWeek	MonthNumber	MonthName	QuartalNumber	Quartalname	Year	Weekend
1	2018-10-06	6	Saturday	10	October	4	Fourth	2018	0
2	2020-06-18	18	Thursday	6	June	2	Second	2020	0
3	2018-11-07	7	Wednesday	11	November	4	Fourth	2018	0
4	2018-04-23	23	Monday	4	April	2	Second	2018	0
5	2019-06-07	7	Friday	6	June	2	Second	2019	0
6	2020-07-01	1	Wednesday	7	July	3	Third	2020	0
7	2020-07-24	24	Friday	7	July	3	Third	2020	0
8	2021-06-08	8	Tuesday	6	June	2	Second	2021	0
9	2018-04-28	28	Saturday	4	April	2	Second	2018	0
10	2019-11-20	20	Wednesday	11	November	4	Fourth	2019	0
11	2020-07-20	20	Monday	7	July	3	Third	2020	0
12	2018-05-12	12	Saturday	5	May	2	Second	2018	0
13	2018-01-26	26	Friday	1	January	1	First	2018	0
14	2021-01-21	21	Thursday	1	January	1	First	2021	0
15	2018-02-04	4	Sunday	2	February	1	First	2018	1
16	2018-03-13	13	Tuesday	3	March	1	First	2018	0
17	2019-11-18	18	Monday	11	November	4	Fourth	2019	0
18	2021-07-28	28	Wednesday	7	July	3	Third	2021	0
19	2019-12-10	10	Tuesday	12	December	4	Fourth	2019	0
20	2019-03-20	20	Wednesday	3	March	1	First	2019	0
21	2019-06-15	15	Saturday	6	June	2	Second	2019	0
22	2019-08-08	8	Thursday	8	August	3	Third	2019	0
23	2021-11-23	23	Tuesday	11	November	4	Fourth	2021	0
24	2018-05-06	6	Sunday	5	May	2	Second	2018	1
25	2019-11-16	16	Saturday	11	November	4	Fourth	2019	0
26	2021-10-01	1	Friday	10	October	4	Fourth	2021	0
27	2018-02-08	8	Thursday	2	February	1	First	2018	0
28	2018-04-03	3	Tuesday	4	April	2	Second	2018	0
29	2020-06-26	26	Friday	6	June	2	Second	2020	0
30	2018-03-20	20	Tuesday	3	March	1	First	2018	0
31	2019-12-22	22	Sunday	12	December	4	Fourth	2019	1
32	2020-05-12	12	Tuesday	5	May	2	Second	2020	0
33	2021-01-08	8	Friday	1	January	1	First	2021	0
34	2018-10-09	9	Tuesday	10	October	4	Fourth	2018	0
35	2021-11-14	14	Sunday	11	November	4	Fourth	2021	1
36	2021-10-24	24	Sunday	10	October	4	Fourth	2021	1
37	2019-10-22	22	Tuesday	10	October	4	Fourth	2019	0
38	2018-05-23	23	Wednesday	5	May	2	Second	2018	0
39	2019-06-28	28	Friday	6	June	2	Second	2019	0
40	2019-01-04	4	Friday	1	January	1	First	2019	0
41	2021-02-06	6	Saturday	2	February	1	First	2021	0
42	2021-12-29	29	Wednesday	12	December	4	Fourth	2021	0
43	2021-06-16	16	Wednesday	6	June	2	Second	2021	0
44	2019-10-29	29	Tuesday	10	October	4	Fourth	2019	0
45	2021-03-03	3	Wednesday	3	March	1	First	2021	0
46	2020-02-11	11	Tuesday	2	February	1	First	2020	0
47	2019-04-23	23	Tuesday	4	April	2	Second	2019	0
48	2018-01-28	28	Sunday	1	January	1	First	2018	1
49	2021-07-21	21	Wednesday	7	July	3	Third	2021	0
50	2018-09-17	17	Monday	9	September	3	Third	2018	0
51	2020-04-19	19	Sunday	4	April	2	Second	2020	1
52	2018-03-08	8	Thursday	3	March	1	First	2018	0
53	2020-01-14	14	Tuesday	1	January	1	First	2020	0
54	2020-07-12	12	Sunday	7	July	3	Third	2020	1
55	2018-03-28	28	Wednesday	3	March	1	First	2018	0
56	2022-01-29	29	Saturday	1	January	1	First	2022	0
57	2019-09-13	13	Friday	9	September	3	Third	2019	0
58	2020-01-30	30	Thursday	1	January	1	First	2020	0
59	2018-05-27	27	Sunday	5	May	2	Second	2018	1
60	2019-01-25	25	Friday	1	January	1	First	2019	0
61	2019-07-03	3	Wednesday	7	July	3	Third	2019	0
62	2021-02-21	21	Sunday	2	February	1	First	2021	1
63	2019-04-17	17	Wednesday	4	April	2	Second	2019	0
64	2019-02-26	26	Tuesday	2	February	1	First	2019	0
65	2021-04-10	10	Saturday	4	April	2	Second	2021	0
66	2018-06-26	26	Tuesday	6	June	2	Second	2018	0
67	2019-07-30	30	Tuesday	7	July	3	Third	2019	0
68	2020-05-21	21	Thursday	5	May	2	Second	2020	0
69	2018-08-24	24	Friday	8	August	3	Third	2018	0
70	2019-05-09	9	Thursday	5	May	2	Second	2019	0
71	2018-04-12	12	Thursday	4	April	2	Second	2018	0
72	2020-08-24	24	Monday	8	August	3	Third	2020	0
73	2021-04-11	11	Sunday	4	April	2	Second	2021	1
74	2020-06-22	22	Monday	6	June	2	Second	2020	0
75	2020-05-14	14	Thursday	5	May	2	Second	2020	0
76	2021-10-19	19	Tuesday	10	October	4	Fourth	2021	0
77	2021-02-13	13	Saturday	2	February	1	First	2021	0
78	2021-09-06	6	Monday	9	September	3	Third	2021	0
79	2020-07-08	8	Wednesday	7	July	3	Third	2020	0
80	2021-05-14	14	Friday	5	May	2	Second	2021	0
81	2021-04-23	23	Friday	4	April	2	Second	2021	0
82	2019-04-01	1	Monday	4	April	2	Second	2019	0
83	2020-01-08	8	Wednesday	1	January	1	First	2020	0
84	2020-05-26	26	Tuesday	5	May	2	Second	2020	0
85	2018-07-18	18	Wednesday	7	July	3	Third	2018	0
86	2020-01-15	15	Wednesday	1	January	1	First	2020	0
87	2018-09-01	1	Saturday	9	September	3	Third	2018	0
88	2021-07-16	16	Friday	7	July	3	Third	2021	0
89	2020-04-22	22	Wednesday	4	April	2	Second	2020	0
90	2021-08-27	27	Friday	8	August	3	Third	2021	0
91	2020-12-19	19	Saturday	12	December	4	Fourth	2020	0
92	2018-11-13	13	Tuesday	11	November	4	Fourth	2018	0
93	2021-12-19	19	Sunday	12	December	4	Fourth	2021	1
94	2021-12-22	22	Wednesday	12	December	4	Fourth	2021	0
95	2019-03-01	1	Friday	3	March	1	First	2019	0
96	2021-08-12	12	Thursday	8	August	3	Third	2021	0
97	2020-02-01	1	Saturday	2	February	1	First	2020	0
98	2019-10-31	31	Thursday	10	October	4	Fourth	2019	0
99	2021-03-02	2	Tuesday	3	March	1	First	2021	0
100	2019-07-02	2	Tuesday	7	July	3	Third	2019	0
101	2018-09-09	9	Sunday	9	September	3	Third	2018	1
102	2018-02-17	17	Saturday	2	February	1	First	2018	0
103	2021-04-12	12	Monday	4	April	2	Second	2021	0
104	2020-08-21	21	Friday	8	August	3	Third	2020	0
105	2021-05-16	16	Sunday	5	May	2	Second	2021	1
106	2019-12-19	19	Thursday	12	December	4	Fourth	2019	0
107	2021-01-27	27	Wednesday	1	January	1	First	2021	0
108	2019-01-15	15	Tuesday	1	January	1	First	2019	0
109	2021-07-27	27	Tuesday	7	July	3	Third	2021	0
110	2019-12-31	31	Tuesday	12	December	4	Fourth	2019	0
111	2019-04-25	25	Thursday	4	April	2	Second	2019	0
112	2022-01-22	22	Saturday	1	January	1	First	2022	0
113	2020-03-25	25	Wednesday	3	March	1	First	2020	0
114	2018-10-17	17	Wednesday	10	October	4	Fourth	2018	0
115	2020-11-27	27	Friday	11	November	4	Fourth	2020	0
116	2020-05-13	13	Wednesday	5	May	2	Second	2020	0
117	2019-11-29	29	Friday	11	November	4	Fourth	2019	0
118	2021-07-07	7	Wednesday	7	July	3	Third	2021	0
119	2021-03-28	28	Sunday	3	March	1	First	2021	1
120	2018-12-08	8	Saturday	12	December	4	Fourth	2018	0
121	2019-08-11	11	Sunday	8	August	3	Third	2019	1
122	2021-10-28	28	Thursday	10	October	4	Fourth	2021	0
123	2019-05-18	18	Saturday	5	May	2	Second	2019	0
124	2019-03-13	13	Wednesday	3	March	1	First	2019	0
125	2020-07-13	13	Monday	7	July	3	Third	2020	0
126	2021-03-06	6	Saturday	3	March	1	First	2021	0
127	2018-09-13	13	Thursday	9	September	3	Third	2018	0
128	2018-05-03	3	Thursday	5	May	2	Second	2018	0
129	2022-01-27	27	Thursday	1	January	1	First	2022	0
130	2021-10-09	9	Saturday	10	October	4	Fourth	2021	0
131	2018-06-03	3	Sunday	6	June	2	Second	2018	1
132	2020-12-05	5	Saturday	12	December	4	Fourth	2020	0
133	2021-03-07	7	Sunday	3	March	1	First	2021	1
134	2018-11-26	26	Monday	11	November	4	Fourth	2018	0
135	2018-11-20	20	Tuesday	11	November	4	Fourth	2018	0
136	2018-09-20	20	Thursday	9	September	3	Third	2018	0
137	2018-06-13	13	Wednesday	6	June	2	Second	2018	0
138	2019-03-31	31	Sunday	3	March	1	First	2019	1
139	2020-11-26	26	Thursday	11	November	4	Fourth	2020	0
140	2021-02-16	16	Tuesday	2	February	1	First	2021	0
141	2020-12-16	16	Wednesday	12	December	4	Fourth	2020	0
142	2018-05-18	18	Friday	5	May	2	Second	2018	0
143	2021-11-13	13	Saturday	11	November	4	Fourth	2021	0
144	2019-07-09	9	Tuesday	7	July	3	Third	2019	0
145	2021-09-29	29	Wednesday	9	September	3	Third	2021	0
146	2021-05-23	23	Sunday	5	May	2	Second	2021	1
147	2018-08-13	13	Monday	8	August	3	Third	2018	0
148	2021-09-07	7	Tuesday	9	September	3	Third	2021	0
149	2020-02-29	29	Saturday	2	February	1	First	2020	0
150	2018-01-25	25	Thursday	1	January	1	First	2018	0
151	2018-06-21	21	Thursday	6	June	2	Second	2018	0
152	2018-10-04	4	Thursday	10	October	4	Fourth	2018	0
153	2020-08-16	16	Sunday	8	August	3	Third	2020	1
154	2021-02-25	25	Thursday	2	February	1	First	2021	0
155	2021-02-07	7	Sunday	2	February	1	First	2021	1
156	2019-09-11	11	Wednesday	9	September	3	Third	2019	0
157	2020-12-01	1	Tuesday	12	December	4	Fourth	2020	0
158	2019-03-27	27	Wednesday	3	March	1	First	2019	0
159	2019-05-27	27	Monday	5	May	2	Second	2019	0
160	2019-03-16	16	Saturday	3	March	1	First	2019	0
161	2018-07-22	22	Sunday	7	July	3	Third	2018	1
162	2018-12-22	22	Saturday	12	December	4	Fourth	2018	0
163	2021-05-13	13	Thursday	5	May	2	Second	2021	0
164	2021-04-18	18	Sunday	4	April	2	Second	2021	1
165	2021-10-15	15	Friday	10	October	4	Fourth	2021	0
166	2021-04-26	26	Monday	4	April	2	Second	2021	0
167	2018-12-26	26	Wednesday	12	December	4	Fourth	2018	0
168	2021-05-22	22	Saturday	5	May	2	Second	2021	0
169	2019-08-25	25	Sunday	8	August	3	Third	2019	1
170	2018-04-27	27	Friday	4	April	2	Second	2018	0
171	2020-02-18	18	Tuesday	2	February	1	First	2020	0
172	2019-02-21	21	Thursday	2	February	1	First	2019	0
173	2018-12-29	29	Saturday	12	December	4	Fourth	2018	0
174	2019-11-13	13	Wednesday	11	November	4	Fourth	2019	0
175	2021-08-22	22	Sunday	8	August	3	Third	2021	1
176	2019-03-30	30	Saturday	3	March	1	First	2019	0
177	2018-06-16	16	Saturday	6	June	2	Second	2018	0
178	2020-01-13	13	Monday	1	January	1	First	2020	0
179	2019-06-19	19	Wednesday	6	June	2	Second	2019	0
180	2018-09-07	7	Friday	9	September	3	Third	2018	0
181	2020-04-15	15	Wednesday	4	April	2	Second	2020	0
182	2021-07-22	22	Thursday	7	July	3	Third	2021	0
183	2018-04-16	16	Monday	4	April	2	Second	2018	0
184	2019-07-08	8	Monday	7	July	3	Third	2019	0
185	2019-12-17	17	Tuesday	12	December	4	Fourth	2019	0
186	2019-05-31	31	Friday	5	May	2	Second	2019	0
187	2021-11-04	4	Thursday	11	November	4	Fourth	2021	0
188	2021-10-10	10	Sunday	10	October	4	Fourth	2021	1
189	2021-08-06	6	Friday	8	August	3	Third	2021	0
190	2019-09-02	2	Monday	9	September	3	Third	2019	0
191	2020-08-06	6	Thursday	8	August	3	Third	2020	0
192	2018-05-20	20	Sunday	5	May	2	Second	2018	1
193	2021-09-05	5	Sunday	9	September	3	Third	2021	1
194	2021-07-30	30	Friday	7	July	3	Third	2021	0
195	2021-01-29	29	Friday	1	January	1	First	2021	0
196	2021-11-24	24	Wednesday	11	November	4	Fourth	2021	0
197	2019-03-09	9	Saturday	3	March	1	First	2019	0
198	2019-07-07	7	Sunday	7	July	3	Third	2019	1
199	2018-09-10	10	Monday	9	September	3	Third	2018	0
200	2018-04-20	20	Friday	4	April	2	Second	2018	0
201	2019-11-19	19	Tuesday	11	November	4	Fourth	2019	0
202	2019-04-29	29	Monday	4	April	2	Second	2019	0
203	2020-02-05	5	Wednesday	2	February	1	First	2020	0
204	2018-12-09	9	Sunday	12	December	4	Fourth	2018	1
205	2022-01-28	28	Friday	1	January	1	First	2022	0
206	2020-12-21	21	Monday	12	December	4	Fourth	2020	0
207	2021-07-04	4	Sunday	7	July	3	Third	2021	1
208	2020-09-11	11	Friday	9	September	3	Third	2020	0
209	2020-09-01	1	Tuesday	9	September	3	Third	2020	0
210	2022-01-04	4	Tuesday	1	January	1	First	2022	0
211	2018-03-17	17	Saturday	3	March	1	First	2018	0
212	2020-12-13	13	Sunday	12	December	4	Fourth	2020	1
213	2022-01-11	11	Tuesday	1	January	1	First	2022	0
214	2018-07-02	2	Monday	7	July	3	Third	2018	0
215	2021-01-16	16	Saturday	1	January	1	First	2021	0
216	2018-01-05	5	Friday	1	January	1	First	2018	0
217	2021-07-26	26	Monday	7	July	3	Third	2021	0
218	2019-06-26	26	Wednesday	6	June	2	Second	2019	0
219	2020-03-11	11	Wednesday	3	March	1	First	2020	0
220	2018-03-03	3	Saturday	3	March	1	First	2018	0
221	2020-07-02	2	Thursday	7	July	3	Third	2020	0
222	2021-12-06	6	Monday	12	December	4	Fourth	2021	0
223	2020-12-29	29	Tuesday	12	December	4	Fourth	2020	0
224	2020-12-24	24	Thursday	12	December	4	Fourth	2020	0
225	2018-11-15	15	Thursday	11	November	4	Fourth	2018	0
226	2020-03-06	6	Friday	3	March	1	First	2020	0
227	2021-12-30	30	Thursday	12	December	4	Fourth	2021	0
228	2018-02-05	5	Monday	2	February	1	First	2018	0
229	2019-01-21	21	Monday	1	January	1	First	2019	0
230	2019-02-14	14	Thursday	2	February	1	First	2019	0
231	2020-02-17	17	Monday	2	February	1	First	2020	0
232	2021-09-10	10	Friday	9	September	3	Third	2021	0
233	2020-09-15	15	Tuesday	9	September	3	Third	2020	0
234	2020-07-25	25	Saturday	7	July	3	Third	2020	0
235	2021-01-18	18	Monday	1	January	1	First	2021	0
236	2021-04-30	30	Friday	4	April	2	Second	2021	0
237	2021-08-17	17	Tuesday	8	August	3	Third	2021	0
238	2018-12-10	10	Monday	12	December	4	Fourth	2018	0
239	2019-05-21	21	Tuesday	5	May	2	Second	2019	0
240	2021-08-29	29	Sunday	8	August	3	Third	2021	1
241	2018-03-07	7	Wednesday	3	March	1	First	2018	0
242	2021-03-25	25	Thursday	3	March	1	First	2021	0
243	2020-12-31	31	Thursday	12	December	4	Fourth	2020	0
244	2019-06-22	22	Saturday	6	June	2	Second	2019	0
245	2019-10-06	6	Sunday	10	October	4	Fourth	2019	1
246	2020-06-04	4	Thursday	6	June	2	Second	2020	0
247	2018-06-07	7	Thursday	6	June	2	Second	2018	0
248	2021-07-29	29	Thursday	7	July	3	Third	2021	0
249	2019-02-08	8	Friday	2	February	1	First	2019	0
250	2019-03-25	25	Monday	3	March	1	First	2019	0
251	2019-12-05	5	Thursday	12	December	4	Fourth	2019	0
252	2018-01-06	6	Saturday	1	January	1	First	2018	0
253	2020-08-02	2	Sunday	8	August	3	Third	2020	1
254	2020-03-28	28	Saturday	3	March	1	First	2020	0
255	2018-09-08	8	Saturday	9	September	3	Third	2018	0
256	2019-08-28	28	Wednesday	8	August	3	Third	2019	0
257	2021-04-16	16	Friday	4	April	2	Second	2021	0
258	2021-10-27	27	Wednesday	10	October	4	Fourth	2021	0
259	2020-02-08	8	Saturday	2	February	1	First	2020	0
260	2020-06-19	19	Friday	6	June	2	Second	2020	0
261	2021-01-28	28	Thursday	1	January	1	First	2021	0
262	2018-02-18	18	Sunday	2	February	1	First	2018	1
263	2018-09-27	27	Thursday	9	September	3	Third	2018	0
264	2021-09-01	1	Wednesday	9	September	3	Third	2021	0
265	2018-01-30	30	Tuesday	1	January	1	First	2018	0
266	2019-08-26	26	Monday	8	August	3	Third	2019	0
267	2019-08-23	23	Friday	8	August	3	Third	2019	0
268	2020-01-19	19	Sunday	1	January	1	First	2020	1
269	2021-12-08	8	Wednesday	12	December	4	Fourth	2021	0
270	2020-11-21	21	Saturday	11	November	4	Fourth	2020	0
271	2018-03-16	16	Friday	3	March	1	First	2018	0
272	2020-11-17	17	Tuesday	11	November	4	Fourth	2020	0
273	2021-01-17	17	Sunday	1	January	1	First	2021	1
274	2021-02-23	23	Tuesday	2	February	1	First	2021	0
275	2019-12-21	21	Saturday	12	December	4	Fourth	2019	0
276	2018-04-24	24	Tuesday	4	April	2	Second	2018	0
277	2020-03-21	21	Saturday	3	March	1	First	2020	0
278	2020-11-02	2	Monday	11	November	4	Fourth	2020	0
279	2020-02-06	6	Thursday	2	February	1	First	2020	0
280	2018-10-30	30	Tuesday	10	October	4	Fourth	2018	0
281	2020-11-03	3	Tuesday	11	November	4	Fourth	2020	0
282	2020-08-11	11	Tuesday	8	August	3	Third	2020	0
283	2018-05-05	5	Saturday	5	May	2	Second	2018	0
284	2022-01-31	31	Monday	1	January	1	First	2022	0
285	2021-01-09	9	Saturday	1	January	1	First	2021	0
286	2021-12-26	26	Sunday	12	December	4	Fourth	2021	1
287	2020-08-07	7	Friday	8	August	3	Third	2020	0
288	2020-09-26	26	Saturday	9	September	3	Third	2020	0
289	2020-04-30	30	Thursday	4	April	2	Second	2020	0
290	2018-01-20	20	Saturday	1	January	1	First	2018	0
291	2020-06-15	15	Monday	6	June	2	Second	2020	0
292	2019-01-20	20	Sunday	1	January	1	First	2019	1
293	2019-07-01	1	Monday	7	July	3	Third	2019	0
294	2019-01-08	8	Tuesday	1	January	1	First	2019	0
295	2018-12-12	12	Wednesday	12	December	4	Fourth	2018	0
296	2020-05-04	4	Monday	5	May	2	Second	2020	0
297	2019-06-05	5	Wednesday	6	June	2	Second	2019	0
298	2020-10-10	10	Saturday	10	October	4	Fourth	2020	0
299	2019-01-30	30	Wednesday	1	January	1	First	2019	0
300	2018-01-03	3	Wednesday	1	January	1	First	2018	0
301	2019-08-10	10	Saturday	8	August	3	Third	2019	0
302	2021-08-13	13	Friday	8	August	3	Third	2021	0
303	2020-04-06	6	Monday	4	April	2	Second	2020	0
304	2020-01-21	21	Tuesday	1	January	1	First	2020	0
305	2019-03-14	14	Thursday	3	March	1	First	2019	0
306	2020-11-20	20	Friday	11	November	4	Fourth	2020	0
307	2019-10-01	1	Tuesday	10	October	4	Fourth	2019	0
308	2021-12-05	5	Sunday	12	December	4	Fourth	2021	1
309	2021-07-06	6	Tuesday	7	July	3	Third	2021	0
310	2018-02-25	25	Sunday	2	February	1	First	2018	1
311	2018-05-30	30	Wednesday	5	May	2	Second	2018	0
312	2021-04-17	17	Saturday	4	April	2	Second	2021	0
313	2020-08-23	23	Sunday	8	August	3	Third	2020	1
314	2019-02-07	7	Thursday	2	February	1	First	2019	0
315	2021-03-23	23	Tuesday	3	March	1	First	2021	0
316	2020-03-05	5	Thursday	3	March	1	First	2020	0
317	2020-03-04	4	Wednesday	3	March	1	First	2020	0
318	2020-09-04	4	Friday	9	September	3	Third	2020	0
319	2021-02-26	26	Friday	2	February	1	First	2021	0
320	2020-01-25	25	Saturday	1	January	1	First	2020	0
321	2018-02-09	9	Friday	2	February	1	First	2018	0
322	2021-10-12	12	Tuesday	10	October	4	Fourth	2021	0
323	2020-10-12	12	Monday	10	October	4	Fourth	2020	0
324	2019-10-05	5	Saturday	10	October	4	Fourth	2019	0
325	2018-06-27	27	Wednesday	6	June	2	Second	2018	0
326	2021-05-28	28	Friday	5	May	2	Second	2021	0
327	2019-03-12	12	Tuesday	3	March	1	First	2019	0
328	2018-06-08	8	Friday	6	June	2	Second	2018	0
329	2021-08-21	21	Saturday	8	August	3	Third	2021	0
330	2020-01-24	24	Friday	1	January	1	First	2020	0
331	2019-08-12	12	Monday	8	August	3	Third	2019	0
332	2021-07-13	13	Tuesday	7	July	3	Third	2021	0
333	2018-11-10	10	Saturday	11	November	4	Fourth	2018	0
334	2018-06-17	17	Sunday	6	June	2	Second	2018	1
335	2021-10-31	31	Sunday	10	October	4	Fourth	2021	1
336	2020-03-07	7	Saturday	3	March	1	First	2020	0
337	2020-02-15	15	Saturday	2	February	1	First	2020	0
338	2022-01-15	15	Saturday	1	January	1	First	2022	0
339	2019-07-22	22	Monday	7	July	3	Third	2019	0
340	2018-12-14	14	Friday	12	December	4	Fourth	2018	0
341	2018-03-01	1	Thursday	3	March	1	First	2018	0
342	2018-11-06	6	Tuesday	11	November	4	Fourth	2018	0
343	2019-10-14	14	Monday	10	October	4	Fourth	2019	0
344	2021-02-04	4	Thursday	2	February	1	First	2021	0
345	2021-09-27	27	Monday	9	September	3	Third	2021	0
346	2021-05-08	8	Saturday	5	May	2	Second	2021	0
347	2019-11-05	5	Tuesday	11	November	4	Fourth	2019	0
348	2021-06-02	2	Wednesday	6	June	2	Second	2021	0
349	2018-12-31	31	Monday	12	December	4	Fourth	2018	0
350	2018-07-03	3	Tuesday	7	July	3	Third	2018	0
351	2021-11-16	16	Tuesday	11	November	4	Fourth	2021	0
352	2018-12-25	25	Tuesday	12	December	4	Fourth	2018	0
353	2019-11-08	8	Friday	11	November	4	Fourth	2019	0
354	2020-02-27	27	Thursday	2	February	1	First	2020	0
355	2019-04-14	14	Sunday	4	April	2	Second	2019	1
356	2018-06-04	4	Monday	6	June	2	Second	2018	0
357	2019-10-25	25	Friday	10	October	4	Fourth	2019	0
358	2020-06-25	25	Thursday	6	June	2	Second	2020	0
359	2020-02-19	19	Wednesday	2	February	1	First	2020	0
360	2019-08-19	19	Monday	8	August	3	Third	2019	0
361	2018-02-20	20	Tuesday	2	February	1	First	2018	0
362	2021-11-01	1	Monday	11	November	4	Fourth	2021	0
363	2019-04-05	5	Friday	4	April	2	Second	2019	0
364	2018-03-02	2	Friday	3	March	1	First	2018	0
365	2020-04-17	17	Friday	4	April	2	Second	2020	0
366	2020-10-07	7	Wednesday	10	October	4	Fourth	2020	0
367	2019-04-27	27	Saturday	4	April	2	Second	2019	0
368	2020-04-23	23	Thursday	4	April	2	Second	2020	0
369	2020-09-09	9	Wednesday	9	September	3	Third	2020	0
370	2019-03-07	7	Thursday	3	March	1	First	2019	0
371	2021-09-18	18	Saturday	9	September	3	Third	2021	0
372	2020-03-10	10	Tuesday	3	March	1	First	2020	0
373	2020-08-04	4	Tuesday	8	August	3	Third	2020	0
374	2018-08-01	1	Wednesday	8	August	3	Third	2018	0
375	2018-09-06	6	Thursday	9	September	3	Third	2018	0
376	2019-03-08	8	Friday	3	March	1	First	2019	0
377	2020-04-21	21	Tuesday	4	April	2	Second	2020	0
378	2020-12-25	25	Friday	12	December	4	Fourth	2020	0
379	2019-03-17	17	Sunday	3	March	1	First	2019	1
380	2021-01-31	31	Sunday	1	January	1	First	2021	1
381	2021-11-28	28	Sunday	11	November	4	Fourth	2021	1
382	2019-09-19	19	Thursday	9	September	3	Third	2019	0
383	2021-03-20	20	Saturday	3	March	1	First	2021	0
384	2018-05-24	24	Thursday	5	May	2	Second	2018	0
385	2019-07-13	13	Saturday	7	July	3	Third	2019	0
386	2021-05-21	21	Friday	5	May	2	Second	2021	0
387	2019-01-16	16	Wednesday	1	January	1	First	2019	0
388	2019-12-27	27	Friday	12	December	4	Fourth	2019	0
389	2020-10-25	25	Sunday	10	October	4	Fourth	2020	1
390	2021-02-27	27	Saturday	2	February	1	First	2021	0
391	2021-02-03	3	Wednesday	2	February	1	First	2021	0
392	2022-01-25	25	Tuesday	1	January	1	First	2022	0
393	2021-10-17	17	Sunday	10	October	4	Fourth	2021	1
394	2020-03-23	23	Monday	3	March	1	First	2020	0
395	2019-09-22	22	Sunday	9	September	3	Third	2019	1
396	2021-08-16	16	Monday	8	August	3	Third	2021	0
397	2018-05-29	29	Tuesday	5	May	2	Second	2018	0
398	2020-05-25	25	Monday	5	May	2	Second	2020	0
399	2021-04-19	19	Monday	4	April	2	Second	2021	0
400	2018-02-16	16	Friday	2	February	1	First	2018	0
401	2021-05-04	4	Tuesday	5	May	2	Second	2021	0
402	2018-07-21	21	Saturday	7	July	3	Third	2018	0
403	2019-08-27	27	Tuesday	8	August	3	Third	2019	0
404	2022-01-24	24	Monday	1	January	1	First	2022	0
405	2019-07-24	24	Wednesday	7	July	3	Third	2019	0
406	2021-10-14	14	Thursday	10	October	4	Fourth	2021	0
407	2021-06-30	30	Wednesday	6	June	2	Second	2021	0
408	2019-05-04	4	Saturday	5	May	2	Second	2019	0
409	2018-10-12	12	Friday	10	October	4	Fourth	2018	0
410	2019-11-04	4	Monday	11	November	4	Fourth	2019	0
411	2020-01-06	6	Monday	1	January	1	First	2020	0
412	2018-04-02	2	Monday	4	April	2	Second	2018	0
413	2019-09-26	26	Thursday	9	September	3	Third	2019	0
414	2021-09-15	15	Wednesday	9	September	3	Third	2021	0
415	2021-02-12	12	Friday	2	February	1	First	2021	0
416	2020-10-04	4	Sunday	10	October	4	Fourth	2020	1
417	2020-06-06	6	Saturday	6	June	2	Second	2020	0
418	2021-11-30	30	Tuesday	11	November	4	Fourth	2021	0
419	2019-08-17	17	Saturday	8	August	3	Third	2019	0
420	2018-10-01	1	Monday	10	October	4	Fourth	2018	0
421	2021-07-09	9	Friday	7	July	3	Third	2021	0
422	2020-02-22	22	Saturday	2	February	1	First	2020	0
423	2019-03-24	24	Sunday	3	March	1	First	2019	1
424	2020-11-08	8	Sunday	11	November	4	Fourth	2020	1
425	2019-05-08	8	Wednesday	5	May	2	Second	2019	0
426	2019-04-16	16	Tuesday	4	April	2	Second	2019	0
427	2020-12-07	7	Monday	12	December	4	Fourth	2020	0
428	2021-04-22	22	Thursday	4	April	2	Second	2021	0
429	2021-01-20	20	Wednesday	1	January	1	First	2021	0
430	2020-01-28	28	Tuesday	1	January	1	First	2020	0
431	2018-11-05	5	Monday	11	November	4	Fourth	2018	0
432	2018-03-06	6	Tuesday	3	March	1	First	2018	0
433	2021-12-16	16	Thursday	12	December	4	Fourth	2021	0
434	2018-11-25	25	Sunday	11	November	4	Fourth	2018	1
435	2018-06-02	2	Saturday	6	June	2	Second	2018	0
436	2020-03-22	22	Sunday	3	March	1	First	2020	1
437	2020-09-10	10	Thursday	9	September	3	Third	2020	0
438	2020-11-09	9	Monday	11	November	4	Fourth	2020	0
439	2018-11-17	17	Saturday	11	November	4	Fourth	2018	0
440	2020-10-27	27	Tuesday	10	October	4	Fourth	2020	0
441	2021-11-25	25	Thursday	11	November	4	Fourth	2021	0
442	2018-04-14	14	Saturday	4	April	2	Second	2018	0
443	2021-06-27	27	Sunday	6	June	2	Second	2021	1
444	2018-08-23	23	Thursday	8	August	3	Third	2018	0
445	2020-05-22	22	Friday	5	May	2	Second	2020	0
446	2019-11-02	2	Saturday	11	November	4	Fourth	2019	0
447	2021-06-26	26	Saturday	6	June	2	Second	2021	0
448	2018-10-27	27	Saturday	10	October	4	Fourth	2018	0
449	2020-10-24	24	Saturday	10	October	4	Fourth	2020	0
450	2019-12-11	11	Wednesday	12	December	4	Fourth	2019	0
451	2021-06-25	25	Friday	6	June	2	Second	2021	0
452	2019-03-23	23	Saturday	3	March	1	First	2019	0
453	2020-08-31	31	Monday	8	August	3	Third	2020	0
454	2021-11-10	10	Wednesday	11	November	4	Fourth	2021	0
455	2020-12-14	14	Monday	12	December	4	Fourth	2020	0
456	2021-10-25	25	Monday	10	October	4	Fourth	2021	0
457	2019-08-29	29	Thursday	8	August	3	Third	2019	0
458	2019-03-03	3	Sunday	3	March	1	First	2019	1
459	2021-06-11	11	Friday	6	June	2	Second	2021	0
460	2021-08-23	23	Monday	8	August	3	Third	2021	0
461	2019-02-23	23	Saturday	2	February	1	First	2019	0
462	2020-06-20	20	Saturday	6	June	2	Second	2020	0
463	2021-10-11	11	Monday	10	October	4	Fourth	2021	0
464	2021-02-24	24	Wednesday	2	February	1	First	2021	0
465	2019-09-28	28	Saturday	9	September	3	Third	2019	0
466	2019-10-19	19	Saturday	10	October	4	Fourth	2019	0
467	2018-07-27	27	Friday	7	July	3	Third	2018	0
468	2019-04-02	2	Tuesday	4	April	2	Second	2019	0
469	2020-07-23	23	Thursday	7	July	3	Third	2020	0
470	2019-05-23	23	Thursday	5	May	2	Second	2019	0
471	2020-04-08	8	Wednesday	4	April	2	Second	2020	0
472	2018-01-14	14	Sunday	1	January	1	First	2018	1
473	2021-11-08	8	Monday	11	November	4	Fourth	2021	0
474	2018-03-05	5	Monday	3	March	1	First	2018	0
475	2019-07-27	27	Saturday	7	July	3	Third	2019	0
476	2018-05-17	17	Thursday	5	May	2	Second	2018	0
477	2020-11-13	13	Friday	11	November	4	Fourth	2020	0
478	2019-04-04	4	Thursday	4	April	2	Second	2019	0
479	2020-07-04	4	Saturday	7	July	3	Third	2020	0
480	2020-05-27	27	Wednesday	5	May	2	Second	2020	0
481	2021-03-15	15	Monday	3	March	1	First	2021	0
482	2018-06-19	19	Tuesday	6	June	2	Second	2018	0
483	2021-04-05	5	Monday	4	April	2	Second	2021	0
484	2019-07-04	4	Thursday	7	July	3	Third	2019	0
485	2021-04-27	27	Tuesday	4	April	2	Second	2021	0
486	2019-12-29	29	Sunday	12	December	4	Fourth	2019	1
487	2018-05-28	28	Monday	5	May	2	Second	2018	0
488	2021-02-18	18	Thursday	2	February	1	First	2021	0
489	2019-04-15	15	Monday	4	April	2	Second	2019	0
490	2020-11-06	6	Friday	11	November	4	Fourth	2020	0
491	2019-07-06	6	Saturday	7	July	3	Third	2019	0
492	2019-02-17	17	Sunday	2	February	1	First	2019	1
493	2019-10-04	4	Friday	10	October	4	Fourth	2019	0
494	2021-07-01	1	Thursday	7	July	3	Third	2021	0
495	2018-04-25	25	Wednesday	4	April	2	Second	2018	0
496	2020-06-27	27	Saturday	6	June	2	Second	2020	0
497	2021-02-05	5	Friday	2	February	1	First	2021	0
498	2021-11-26	26	Friday	11	November	4	Fourth	2021	0
499	2018-05-14	14	Monday	5	May	2	Second	2018	0
500	2019-12-26	26	Thursday	12	December	4	Fourth	2019	0
501	2019-07-25	25	Thursday	7	July	3	Third	2019	0
502	2018-11-28	28	Wednesday	11	November	4	Fourth	2018	0
503	2019-05-11	11	Saturday	5	May	2	Second	2019	0
504	2018-10-22	22	Monday	10	October	4	Fourth	2018	0
505	2018-07-10	10	Tuesday	7	July	3	Third	2018	0
506	2020-11-19	19	Thursday	11	November	4	Fourth	2020	0
507	2019-02-02	2	Saturday	2	February	1	First	2019	0
508	2018-11-23	23	Friday	11	November	4	Fourth	2018	0
509	2018-01-22	22	Monday	1	January	1	First	2018	0
510	2019-04-06	6	Saturday	4	April	2	Second	2019	0
511	2021-12-17	17	Friday	12	December	4	Fourth	2021	0
512	2020-01-23	23	Thursday	1	January	1	First	2020	0
513	2018-08-20	20	Monday	8	August	3	Third	2018	0
514	2018-11-03	3	Saturday	11	November	4	Fourth	2018	0
515	2020-10-11	11	Sunday	10	October	4	Fourth	2020	1
516	2021-08-05	5	Thursday	8	August	3	Third	2021	0
517	2018-11-30	30	Friday	11	November	4	Fourth	2018	0
518	2019-10-18	18	Friday	10	October	4	Fourth	2019	0
519	2021-09-14	14	Tuesday	9	September	3	Third	2021	0
520	2020-11-05	5	Thursday	11	November	4	Fourth	2020	0
521	2019-07-31	31	Wednesday	7	July	3	Third	2019	0
522	2020-03-29	29	Sunday	3	March	1	First	2020	1
523	2019-01-01	1	Tuesday	1	January	1	First	2019	0
524	2018-12-19	19	Wednesday	12	December	4	Fourth	2018	0
525	2019-01-22	22	Tuesday	1	January	1	First	2019	0
526	2018-12-18	18	Tuesday	12	December	4	Fourth	2018	0
527	2020-10-06	6	Tuesday	10	October	4	Fourth	2020	0
528	2020-07-29	29	Wednesday	7	July	3	Third	2020	0
529	2019-06-09	9	Sunday	6	June	2	Second	2019	1
530	2021-07-19	19	Monday	7	July	3	Third	2021	0
531	2018-06-14	14	Thursday	6	June	2	Second	2018	0
532	2021-04-03	3	Saturday	4	April	2	Second	2021	0
533	2019-12-28	28	Saturday	12	December	4	Fourth	2019	0
534	2022-01-21	21	Friday	1	January	1	First	2022	0
535	2018-04-05	5	Thursday	4	April	2	Second	2018	0
536	2020-04-24	24	Friday	4	April	2	Second	2020	0
537	2020-06-08	8	Monday	6	June	2	Second	2020	0
538	2021-09-30	30	Thursday	9	September	3	Third	2021	0
539	2019-12-18	18	Wednesday	12	December	4	Fourth	2019	0
540	2021-04-08	8	Thursday	4	April	2	Second	2021	0
541	2022-01-09	9	Sunday	1	January	1	First	2022	1
542	2018-05-11	11	Friday	5	May	2	Second	2018	0
543	2019-04-18	18	Thursday	4	April	2	Second	2019	0
544	2019-06-14	14	Friday	6	June	2	Second	2019	0
545	2020-10-01	1	Thursday	10	October	4	Fourth	2020	0
546	2019-09-08	8	Sunday	9	September	3	Third	2019	1
547	2020-12-28	28	Monday	12	December	4	Fourth	2020	0
548	2018-05-04	4	Friday	5	May	2	Second	2018	0
549	2019-08-18	18	Sunday	8	August	3	Third	2019	1
550	2021-03-27	27	Saturday	3	March	1	First	2021	0
551	2018-05-25	25	Friday	5	May	2	Second	2018	0
552	2018-08-22	22	Wednesday	8	August	3	Third	2018	0
553	2020-02-16	16	Sunday	2	February	1	First	2020	1
554	2021-12-15	15	Wednesday	12	December	4	Fourth	2021	0
555	2018-01-01	1	Monday	1	January	1	First	2018	0
556	2021-07-12	12	Monday	7	July	3	Third	2021	0
557	2021-05-03	3	Monday	5	May	2	Second	2021	0
558	2020-09-13	13	Sunday	9	September	3	Third	2020	1
559	2020-06-14	14	Sunday	6	June	2	Second	2020	1
560	2019-05-24	24	Friday	5	May	2	Second	2019	0
561	2021-06-28	28	Monday	6	June	2	Second	2021	0
562	2021-03-31	31	Wednesday	3	March	1	First	2021	0
563	2021-05-20	20	Thursday	5	May	2	Second	2021	0
564	2019-02-11	11	Monday	2	February	1	First	2019	0
565	2020-12-09	9	Wednesday	12	December	4	Fourth	2020	0
566	2021-03-08	8	Monday	3	March	1	First	2021	0
567	2020-09-23	23	Wednesday	9	September	3	Third	2020	0
568	2020-03-24	24	Tuesday	3	March	1	First	2020	0
569	2021-05-27	27	Thursday	5	May	2	Second	2021	0
570	2020-08-09	9	Sunday	8	August	3	Third	2020	1
571	2021-02-15	15	Monday	2	February	1	First	2021	0
572	2019-01-06	6	Sunday	1	January	1	First	2019	1
573	2020-03-19	19	Thursday	3	March	1	First	2020	0
574	2018-05-13	13	Sunday	5	May	2	Second	2018	1
575	2020-04-29	29	Wednesday	4	April	2	Second	2020	0
576	2020-10-02	2	Friday	10	October	4	Fourth	2020	0
577	2021-12-18	18	Saturday	12	December	4	Fourth	2021	0
578	2018-10-25	25	Thursday	10	October	4	Fourth	2018	0
579	2021-05-07	7	Friday	5	May	2	Second	2021	0
580	2021-05-29	29	Saturday	5	May	2	Second	2021	0
581	2019-01-14	14	Monday	1	January	1	First	2019	0
582	2019-07-14	14	Sunday	7	July	3	Third	2019	1
583	2019-08-06	6	Tuesday	8	August	3	Third	2019	0
584	2020-01-02	2	Thursday	1	January	1	First	2020	0
585	2018-01-02	2	Tuesday	1	January	1	First	2018	0
586	2021-02-08	8	Monday	2	February	1	First	2021	0
587	2021-04-02	2	Friday	4	April	2	Second	2021	0
588	2021-06-29	29	Tuesday	6	June	2	Second	2021	0
589	2021-06-23	23	Wednesday	6	June	2	Second	2021	0
590	2021-11-07	7	Sunday	11	November	4	Fourth	2021	1
591	2019-11-22	22	Friday	11	November	4	Fourth	2019	0
592	2022-01-14	14	Friday	1	January	1	First	2022	0
593	2019-08-09	9	Friday	8	August	3	Third	2019	0
594	2020-09-20	20	Sunday	9	September	3	Third	2020	1
595	2022-01-05	5	Wednesday	1	January	1	First	2022	0
596	2021-12-27	27	Monday	12	December	4	Fourth	2021	0
597	2020-11-24	24	Tuesday	11	November	4	Fourth	2020	0
598	2019-02-04	4	Monday	2	February	1	First	2019	0
599	2020-03-09	9	Monday	3	March	1	First	2020	0
600	2021-01-12	12	Tuesday	1	January	1	First	2021	0
601	2020-08-12	12	Wednesday	8	August	3	Third	2020	0
602	2021-06-04	4	Friday	6	June	2	Second	2021	0
603	2021-03-18	18	Thursday	3	March	1	First	2021	0
604	2020-09-16	16	Wednesday	9	September	3	Third	2020	0
605	2021-06-10	10	Thursday	6	June	2	Second	2021	0
606	2020-11-25	25	Wednesday	11	November	4	Fourth	2020	0
607	2020-08-03	3	Monday	8	August	3	Third	2020	0
608	2021-05-17	17	Monday	5	May	2	Second	2021	0
609	2020-10-16	16	Friday	10	October	4	Fourth	2020	0
610	2018-06-25	25	Monday	6	June	2	Second	2018	0
611	2021-07-05	5	Monday	7	July	3	Third	2021	0
612	2018-02-07	7	Wednesday	2	February	1	First	2018	0
613	2019-11-14	14	Thursday	11	November	4	Fourth	2019	0
614	2020-12-20	20	Sunday	12	December	4	Fourth	2020	1
615	2020-03-16	16	Monday	3	March	1	First	2020	0
616	2018-06-29	29	Friday	6	June	2	Second	2018	0
617	2019-04-28	28	Sunday	4	April	2	Second	2019	1
618	2021-06-12	12	Saturday	6	June	2	Second	2021	0
619	2019-05-17	17	Friday	5	May	2	Second	2019	0
620	2018-09-21	21	Friday	9	September	3	Third	2018	0
621	2019-12-09	9	Monday	12	December	4	Fourth	2019	0
622	2020-01-09	9	Thursday	1	January	1	First	2020	0
623	2018-04-15	15	Sunday	4	April	2	Second	2018	1
624	2021-04-04	4	Sunday	4	April	2	Second	2021	1
625	2018-06-06	6	Wednesday	6	June	2	Second	2018	0
626	2018-04-10	10	Tuesday	4	April	2	Second	2018	0
627	2020-02-04	4	Tuesday	2	February	1	First	2020	0
628	2018-07-16	16	Monday	7	July	3	Third	2018	0
629	2020-09-19	19	Saturday	9	September	3	Third	2020	0
630	2020-07-07	7	Tuesday	7	July	3	Third	2020	0
631	2020-09-25	25	Friday	9	September	3	Third	2020	0
632	2019-11-23	23	Saturday	11	November	4	Fourth	2019	0
633	2020-01-05	5	Sunday	1	January	1	First	2020	1
634	2018-02-26	26	Monday	2	February	1	First	2018	0
635	2020-01-31	31	Friday	1	January	1	First	2020	0
636	2018-07-05	5	Thursday	7	July	3	Third	2018	0
637	2019-11-09	9	Saturday	11	November	4	Fourth	2019	0
638	2018-04-09	9	Monday	4	April	2	Second	2018	0
639	2018-10-20	20	Saturday	10	October	4	Fourth	2018	0
640	2018-06-18	18	Monday	6	June	2	Second	2018	0
641	2021-10-29	29	Friday	10	October	4	Fourth	2021	0
642	2019-06-04	4	Tuesday	6	June	2	Second	2019	0
643	2020-01-11	11	Saturday	1	January	1	First	2020	0
644	2019-11-26	26	Tuesday	11	November	4	Fourth	2019	0
645	2019-11-21	21	Thursday	11	November	4	Fourth	2019	0
646	2019-01-11	11	Friday	1	January	1	First	2019	0
647	2021-08-03	3	Tuesday	8	August	3	Third	2021	0
648	2021-08-25	25	Wednesday	8	August	3	Third	2021	0
649	2020-05-11	11	Monday	5	May	2	Second	2020	0
650	2020-08-13	13	Thursday	8	August	3	Third	2020	0
651	2020-03-15	15	Sunday	3	March	1	First	2020	1
652	2020-02-03	3	Monday	2	February	1	First	2020	0
653	2020-08-19	19	Wednesday	8	August	3	Third	2020	0
654	2021-10-02	2	Saturday	10	October	4	Fourth	2021	0
655	2021-09-11	11	Saturday	9	September	3	Third	2021	0
656	2020-09-21	21	Monday	9	September	3	Third	2020	0
657	2019-02-19	19	Tuesday	2	February	1	First	2019	0
658	2018-01-13	13	Saturday	1	January	1	First	2018	0
659	2019-03-21	21	Thursday	3	March	1	First	2019	0
660	2020-10-30	30	Friday	10	October	4	Fourth	2020	0
661	2018-11-01	1	Thursday	11	November	4	Fourth	2018	0
662	2020-05-29	29	Friday	5	May	2	Second	2020	0
663	2018-10-21	21	Sunday	10	October	4	Fourth	2018	1
664	2021-12-03	3	Friday	12	December	4	Fourth	2021	0
665	2021-03-01	1	Monday	3	March	1	First	2021	0
666	2021-01-13	13	Wednesday	1	January	1	First	2021	0
667	2020-05-06	6	Wednesday	5	May	2	Second	2020	0
668	2019-07-29	29	Monday	7	July	3	Third	2019	0
669	2018-07-13	13	Friday	7	July	3	Third	2018	0
670	2021-12-07	7	Tuesday	12	December	4	Fourth	2021	0
671	2020-10-26	26	Monday	10	October	4	Fourth	2020	0
672	2020-10-14	14	Wednesday	10	October	4	Fourth	2020	0
673	2021-08-30	30	Monday	8	August	3	Third	2021	0
674	2020-12-17	17	Thursday	12	December	4	Fourth	2020	0
675	2019-11-27	27	Wednesday	11	November	4	Fourth	2019	0
676	2018-09-11	11	Tuesday	9	September	3	Third	2018	0
677	2019-09-01	1	Sunday	9	September	3	Third	2019	1
678	2020-04-26	26	Sunday	4	April	2	Second	2020	1
679	2019-03-11	11	Monday	3	March	1	First	2019	0
680	2018-07-15	15	Sunday	7	July	3	Third	2018	1
681	2018-07-24	24	Tuesday	7	July	3	Third	2018	0
682	2021-04-24	24	Saturday	4	April	2	Second	2021	0
683	2019-10-02	2	Wednesday	10	October	4	Fourth	2019	0
684	2021-10-03	3	Sunday	10	October	4	Fourth	2021	1
685	2018-11-02	2	Friday	11	November	4	Fourth	2018	0
686	2019-03-28	28	Thursday	3	March	1	First	2019	0
687	2019-05-29	29	Wednesday	5	May	2	Second	2019	0
688	2021-08-31	31	Tuesday	8	August	3	Third	2021	0
689	2020-10-13	13	Tuesday	10	October	4	Fourth	2020	0
690	2018-10-31	31	Wednesday	10	October	4	Fourth	2018	0
691	2019-01-03	3	Thursday	1	January	1	First	2019	0
692	2019-05-05	5	Sunday	5	May	2	Second	2019	1
693	2021-09-12	12	Sunday	9	September	3	Third	2021	1
694	2020-09-14	14	Monday	9	September	3	Third	2020	0
695	2021-06-14	14	Monday	6	June	2	Second	2021	0
696	2018-10-14	14	Sunday	10	October	4	Fourth	2018	1
697	2021-02-11	11	Thursday	2	February	1	First	2021	0
698	2018-03-24	24	Saturday	3	March	1	First	2018	0
699	2018-07-14	14	Saturday	7	July	3	Third	2018	0
700	2020-11-11	11	Wednesday	11	November	4	Fourth	2020	0
701	2020-08-15	15	Saturday	8	August	3	Third	2020	0
702	2019-02-10	10	Sunday	2	February	1	First	2019	1
703	2021-10-07	7	Thursday	10	October	4	Fourth	2021	0
704	2021-10-05	5	Tuesday	10	October	4	Fourth	2021	0
705	2021-05-12	12	Wednesday	5	May	2	Second	2021	0
706	2018-12-05	5	Wednesday	12	December	4	Fourth	2018	0
707	2020-07-30	30	Thursday	7	July	3	Third	2020	0
708	2019-12-04	4	Wednesday	12	December	4	Fourth	2019	0
709	2018-11-21	21	Wednesday	11	November	4	Fourth	2018	0
710	2022-01-19	19	Wednesday	1	January	1	First	2022	0
711	2018-08-19	19	Sunday	8	August	3	Third	2018	1
712	2018-02-19	19	Monday	2	February	1	First	2018	0
713	2020-04-16	16	Thursday	4	April	2	Second	2020	0
714	2019-12-16	16	Monday	12	December	4	Fourth	2019	0
715	2019-11-11	11	Monday	11	November	4	Fourth	2019	0
716	2019-08-15	15	Thursday	8	August	3	Third	2019	0
717	2019-02-25	25	Monday	2	February	1	First	2019	0
718	2021-06-22	22	Tuesday	6	June	2	Second	2021	0
719	2020-02-02	2	Sunday	2	February	1	First	2020	1
720	2020-11-18	18	Wednesday	11	November	4	Fourth	2020	0
721	2020-11-16	16	Monday	11	November	4	Fourth	2020	0
722	2018-01-24	24	Wednesday	1	January	1	First	2018	0
723	2019-01-10	10	Thursday	1	January	1	First	2019	0
724	2018-10-16	16	Tuesday	10	October	4	Fourth	2018	0
725	2019-09-24	24	Tuesday	9	September	3	Third	2019	0
726	2020-09-24	24	Thursday	9	September	3	Third	2020	0
727	2020-10-20	20	Tuesday	10	October	4	Fourth	2020	0
728	2021-07-15	15	Thursday	7	July	3	Third	2021	0
729	2020-01-07	7	Tuesday	1	January	1	First	2020	0
730	2019-07-26	26	Friday	7	July	3	Third	2019	0
731	2019-12-07	7	Saturday	12	December	4	Fourth	2019	0
732	2020-01-18	18	Saturday	1	January	1	First	2020	0
733	2020-08-14	14	Friday	8	August	3	Third	2020	0
734	2018-07-09	9	Monday	7	July	3	Third	2018	0
735	2021-03-19	19	Friday	3	March	1	First	2021	0
736	2018-12-13	13	Thursday	12	December	4	Fourth	2018	0
737	2021-12-01	1	Wednesday	12	December	4	Fourth	2021	0
738	2019-09-25	25	Wednesday	9	September	3	Third	2019	0
739	2020-06-01	1	Monday	6	June	2	Second	2020	0
740	2019-10-13	13	Sunday	10	October	4	Fourth	2019	1
741	2021-12-12	12	Sunday	12	December	4	Fourth	2021	1
742	2021-11-02	2	Tuesday	11	November	4	Fourth	2021	0
743	2018-09-19	19	Wednesday	9	September	3	Third	2018	0
744	2020-01-29	29	Wednesday	1	January	1	First	2020	0
745	2020-04-02	2	Thursday	4	April	2	Second	2020	0
746	2020-09-28	28	Monday	9	September	3	Third	2020	0
747	2020-03-18	18	Wednesday	3	March	1	First	2020	0
748	2019-08-24	24	Saturday	8	August	3	Third	2019	0
749	2018-08-21	21	Tuesday	8	August	3	Third	2018	0
750	2018-04-01	1	Sunday	4	April	2	Second	2018	1
751	2021-03-24	24	Wednesday	3	March	1	First	2021	0
752	2019-06-13	13	Thursday	6	June	2	Second	2019	0
753	2021-09-13	13	Monday	9	September	3	Third	2021	0
754	2020-11-12	12	Thursday	11	November	4	Fourth	2020	0
755	2021-08-26	26	Thursday	8	August	3	Third	2021	0
756	2020-08-17	17	Monday	8	August	3	Third	2020	0
757	2022-01-17	17	Monday	1	January	1	First	2022	0
758	2019-06-08	8	Saturday	6	June	2	Second	2019	0
759	2019-09-16	16	Monday	9	September	3	Third	2019	0
760	2018-07-01	1	Sunday	7	July	3	Third	2018	1
761	2018-01-07	7	Sunday	1	January	1	First	2018	1
762	2018-06-30	30	Saturday	6	June	2	Second	2018	0
763	2018-08-18	18	Saturday	8	August	3	Third	2018	0
764	2020-09-17	17	Thursday	9	September	3	Third	2020	0
765	2018-02-21	21	Wednesday	2	February	1	First	2018	0
766	2018-08-15	15	Wednesday	8	August	3	Third	2018	0
767	2020-12-04	4	Friday	12	December	4	Fourth	2020	0
768	2020-01-12	12	Sunday	1	January	1	First	2020	1
769	2019-11-07	7	Thursday	11	November	4	Fourth	2019	0
770	2021-03-16	16	Tuesday	3	March	1	First	2021	0
771	2020-07-31	31	Friday	7	July	3	Third	2020	0
772	2020-04-07	7	Tuesday	4	April	2	Second	2020	0
773	2019-12-02	2	Monday	12	December	4	Fourth	2019	0
774	2019-05-06	6	Monday	5	May	2	Second	2019	0
775	2020-07-11	11	Saturday	7	July	3	Third	2020	0
776	2021-07-10	10	Saturday	7	July	3	Third	2021	0
777	2018-12-15	15	Saturday	12	December	4	Fourth	2018	0
778	2020-05-19	19	Tuesday	5	May	2	Second	2020	0
779	2018-03-27	27	Tuesday	3	March	1	First	2018	0
780	2022-01-23	23	Sunday	1	January	1	First	2022	1
781	2018-06-09	9	Saturday	6	June	2	Second	2018	0
782	2019-06-23	23	Sunday	6	June	2	Second	2019	1
783	2018-02-03	3	Saturday	2	February	1	First	2018	0
784	2019-02-05	5	Tuesday	2	February	1	First	2019	0
785	2020-10-21	21	Wednesday	10	October	4	Fourth	2020	0
786	2019-02-20	20	Wednesday	2	February	1	First	2019	0
787	2019-10-30	30	Wednesday	10	October	4	Fourth	2019	0
788	2021-06-15	15	Tuesday	6	June	2	Second	2021	0
789	2020-10-09	9	Friday	10	October	4	Fourth	2020	0
790	2018-05-26	26	Saturday	5	May	2	Second	2018	0
791	2021-11-21	21	Sunday	11	November	4	Fourth	2021	1
792	2019-04-07	7	Sunday	4	April	2	Second	2019	1
793	2018-08-12	12	Sunday	8	August	3	Third	2018	1
794	2021-03-12	12	Friday	3	March	1	First	2021	0
795	2019-05-16	16	Thursday	5	May	2	Second	2019	0
796	2019-09-09	9	Monday	9	September	3	Third	2019	0
797	2021-08-20	20	Friday	8	August	3	Third	2021	0
798	2020-03-12	12	Thursday	3	March	1	First	2020	0
799	2020-05-01	1	Friday	5	May	2	Second	2020	0
800	2018-11-09	9	Friday	11	November	4	Fourth	2018	0
801	2018-10-23	23	Tuesday	10	October	4	Fourth	2018	0
802	2020-02-26	26	Wednesday	2	February	1	First	2020	0
803	2020-05-28	28	Thursday	5	May	2	Second	2020	0
804	2018-11-18	18	Sunday	11	November	4	Fourth	2018	1
805	2021-04-28	28	Wednesday	4	April	2	Second	2021	0
806	2021-05-18	18	Tuesday	5	May	2	Second	2021	0
807	2020-06-21	21	Sunday	6	June	2	Second	2020	1
808	2021-03-09	9	Tuesday	3	March	1	First	2021	0
809	2018-02-06	6	Tuesday	2	February	1	First	2018	0
810	2019-04-30	30	Tuesday	4	April	2	Second	2019	0
811	2020-10-23	23	Friday	10	October	4	Fourth	2020	0
812	2021-06-21	21	Monday	6	June	2	Second	2021	0
813	2021-03-29	29	Monday	3	March	1	First	2021	0
814	2020-06-05	5	Friday	6	June	2	Second	2020	0
815	2019-12-13	13	Friday	12	December	4	Fourth	2019	0
816	2021-06-09	9	Wednesday	6	June	2	Second	2021	0
817	2021-07-03	3	Saturday	7	July	3	Third	2021	0
818	2018-12-04	4	Tuesday	12	December	4	Fourth	2018	0
819	2019-03-02	2	Saturday	3	March	1	First	2019	0
820	2019-06-12	12	Wednesday	6	June	2	Second	2019	0
821	2020-11-04	4	Wednesday	11	November	4	Fourth	2020	0
822	2020-06-11	11	Thursday	6	June	2	Second	2020	0
823	2018-12-28	28	Friday	12	December	4	Fourth	2018	0
824	2020-12-10	10	Thursday	12	December	4	Fourth	2020	0
825	2019-05-13	13	Monday	5	May	2	Second	2019	0
826	2018-02-22	22	Thursday	2	February	1	First	2018	0
827	2018-03-19	19	Monday	3	March	1	First	2018	0
828	2020-11-23	23	Monday	11	November	4	Fourth	2020	0
829	2020-08-30	30	Sunday	8	August	3	Third	2020	1
830	2018-01-19	19	Friday	1	January	1	First	2018	0
831	2018-02-01	1	Thursday	2	February	1	First	2018	0
832	2021-06-17	17	Thursday	6	June	2	Second	2021	0
833	2019-08-01	1	Thursday	8	August	3	Third	2019	0
834	2021-09-23	23	Thursday	9	September	3	Third	2021	0
835	2019-10-09	9	Wednesday	10	October	4	Fourth	2019	0
836	2020-03-20	20	Friday	3	March	1	First	2020	0
837	2020-01-03	3	Friday	1	January	1	First	2020	0
838	2020-02-12	12	Wednesday	2	February	1	First	2020	0
839	2018-12-23	23	Sunday	12	December	4	Fourth	2018	1
840	2019-09-23	23	Monday	9	September	3	Third	2019	0
841	2019-01-09	9	Wednesday	1	January	1	First	2019	0
842	2019-06-06	6	Thursday	6	June	2	Second	2019	0
843	2019-11-28	28	Thursday	11	November	4	Fourth	2019	0
844	2022-01-20	20	Thursday	1	January	1	First	2022	0
845	2019-01-24	24	Thursday	1	January	1	First	2019	0
846	2021-06-05	5	Saturday	6	June	2	Second	2021	0
847	2019-06-16	16	Sunday	6	June	2	Second	2019	1
848	2018-12-06	6	Thursday	12	December	4	Fourth	2018	0
849	2019-08-14	14	Wednesday	8	August	3	Third	2019	0
850	2021-12-10	10	Friday	12	December	4	Fourth	2021	0
851	2019-05-15	15	Wednesday	5	May	2	Second	2019	0
852	2020-08-20	20	Thursday	8	August	3	Third	2020	0
853	2018-03-23	23	Friday	3	March	1	First	2018	0
854	2020-01-26	26	Sunday	1	January	1	First	2020	1
855	2020-06-30	30	Tuesday	6	June	2	Second	2020	0
856	2018-02-02	2	Friday	2	February	1	First	2018	0
857	2021-05-24	24	Monday	5	May	2	Second	2021	0
858	2019-07-28	28	Sunday	7	July	3	Third	2019	1
859	2020-07-06	6	Monday	7	July	3	Third	2020	0
860	2019-10-21	21	Monday	10	October	4	Fourth	2019	0
861	2021-03-11	11	Thursday	3	March	1	First	2021	0
862	2021-11-09	9	Tuesday	11	November	4	Fourth	2021	0
863	2021-04-13	13	Tuesday	4	April	2	Second	2021	0
864	2021-04-25	25	Sunday	4	April	2	Second	2021	1
865	2018-08-26	26	Sunday	8	August	3	Third	2018	1
866	2022-01-18	18	Tuesday	1	January	1	First	2022	0
867	2019-08-16	16	Friday	8	August	3	Third	2019	0
868	2020-11-28	28	Saturday	11	November	4	Fourth	2020	0
869	2018-11-27	27	Tuesday	11	November	4	Fourth	2018	0
870	2018-12-03	3	Monday	12	December	4	Fourth	2018	0
871	2019-04-19	19	Friday	4	April	2	Second	2019	0
872	2021-01-23	23	Saturday	1	January	1	First	2021	0
873	2021-09-03	3	Friday	9	September	3	Third	2021	0
874	2020-06-17	17	Wednesday	6	June	2	Second	2020	0
875	2018-03-14	14	Wednesday	3	March	1	First	2018	0
876	2019-04-20	20	Saturday	4	April	2	Second	2019	0
877	2019-04-10	10	Wednesday	4	April	2	Second	2019	0
878	2020-12-18	18	Friday	12	December	4	Fourth	2020	0
879	2018-08-11	11	Saturday	8	August	3	Third	2018	0
880	2020-01-10	10	Friday	1	January	1	First	2020	0
881	2021-12-09	9	Thursday	12	December	4	Fourth	2021	0
882	2021-01-14	14	Thursday	1	January	1	First	2021	0
883	2021-07-23	23	Friday	7	July	3	Third	2021	0
884	2018-05-19	19	Saturday	5	May	2	Second	2018	0
885	2021-01-25	25	Monday	1	January	1	First	2021	0
886	2019-06-03	3	Monday	6	June	2	Second	2019	0
887	2018-08-09	9	Thursday	8	August	3	Third	2018	0
888	2022-01-08	8	Saturday	1	January	1	First	2022	0
889	2021-11-06	6	Saturday	11	November	4	Fourth	2021	0
890	2019-04-12	12	Friday	4	April	2	Second	2019	0
891	2019-10-23	23	Wednesday	10	October	4	Fourth	2019	0
892	2019-06-02	2	Sunday	6	June	2	Second	2019	1
893	2018-08-03	3	Friday	8	August	3	Third	2018	0
894	2021-10-21	21	Thursday	10	October	4	Fourth	2021	0
895	2021-03-22	22	Monday	3	March	1	First	2021	0
896	2022-01-01	1	Saturday	1	January	1	First	2022	0
897	2018-06-28	28	Thursday	6	June	2	Second	2018	0
898	2018-07-17	17	Tuesday	7	July	3	Third	2018	0
899	2020-07-26	26	Sunday	7	July	3	Third	2020	1
900	2020-05-23	23	Saturday	5	May	2	Second	2020	0
901	2019-01-17	17	Thursday	1	January	1	First	2019	0
902	2018-06-24	24	Sunday	6	June	2	Second	2018	1
903	2019-07-05	5	Friday	7	July	3	Third	2019	0
904	2021-10-18	18	Monday	10	October	4	Fourth	2021	0
905	2020-06-07	7	Sunday	6	June	2	Second	2020	1
906	2019-09-15	15	Sunday	9	September	3	Third	2019	1
907	2018-11-29	29	Thursday	11	November	4	Fourth	2018	0
908	2018-11-24	24	Saturday	11	November	4	Fourth	2018	0
909	2020-04-18	18	Saturday	4	April	2	Second	2020	0
910	2019-08-20	20	Tuesday	8	August	3	Third	2019	0
911	2018-07-04	4	Wednesday	7	July	3	Third	2018	0
912	2019-12-06	6	Friday	12	December	4	Fourth	2019	0
913	2020-07-21	21	Tuesday	7	July	3	Third	2020	0
914	2018-12-24	24	Monday	12	December	4	Fourth	2018	0
915	2018-03-26	26	Monday	3	March	1	First	2018	0
916	2021-01-22	22	Friday	1	January	1	First	2021	0
917	2018-01-27	27	Saturday	1	January	1	First	2018	0
918	2020-08-27	27	Thursday	8	August	3	Third	2020	0
919	2020-02-07	7	Friday	2	February	1	First	2020	0
920	2018-01-10	10	Wednesday	1	January	1	First	2018	0
921	2018-03-15	15	Thursday	3	March	1	First	2018	0
922	2018-09-25	25	Tuesday	9	September	3	Third	2018	0
923	2021-10-13	13	Wednesday	10	October	4	Fourth	2021	0
924	2019-08-04	4	Sunday	8	August	3	Third	2019	1
925	2021-06-01	1	Tuesday	6	June	2	Second	2021	0
926	2020-05-05	5	Tuesday	5	May	2	Second	2020	0
927	2018-06-05	5	Tuesday	6	June	2	Second	2018	0
928	2021-03-21	21	Sunday	3	March	1	First	2021	1
929	2020-12-03	3	Thursday	12	December	4	Fourth	2020	0
930	2018-06-10	10	Sunday	6	June	2	Second	2018	1
931	2018-04-30	30	Monday	4	April	2	Second	2018	0
932	2018-09-03	3	Monday	9	September	3	Third	2018	0
933	2021-07-25	25	Sunday	7	July	3	Third	2021	1
934	2020-07-28	28	Tuesday	7	July	3	Third	2020	0
935	2020-02-24	24	Monday	2	February	1	First	2020	0
936	2021-08-01	1	Sunday	8	August	3	Third	2021	1
937	2019-09-07	7	Saturday	9	September	3	Third	2019	0
938	2020-08-18	18	Tuesday	8	August	3	Third	2020	0
939	2019-07-20	20	Saturday	7	July	3	Third	2019	0
940	2021-11-05	5	Friday	11	November	4	Fourth	2021	0
941	2019-12-25	25	Wednesday	12	December	4	Fourth	2019	0
942	2018-06-01	1	Friday	6	June	2	Second	2018	0
943	2019-05-07	7	Tuesday	5	May	2	Second	2019	0
944	2019-01-29	29	Tuesday	1	January	1	First	2019	0
945	2021-12-25	25	Saturday	12	December	4	Fourth	2021	0
946	2020-03-03	3	Tuesday	3	March	1	First	2020	0
947	2019-09-18	18	Wednesday	9	September	3	Third	2019	0
948	2022-01-16	16	Sunday	1	January	1	First	2022	1
949	2019-09-29	29	Sunday	9	September	3	Third	2019	1
950	2019-08-22	22	Thursday	8	August	3	Third	2019	0
951	2019-11-17	17	Sunday	11	November	4	Fourth	2019	1
952	2018-11-11	11	Sunday	11	November	4	Fourth	2018	1
953	2020-08-28	28	Friday	8	August	3	Third	2020	0
954	2019-12-30	30	Monday	12	December	4	Fourth	2019	0
955	2021-11-11	11	Thursday	11	November	4	Fourth	2021	0
956	2021-04-01	1	Thursday	4	April	2	Second	2021	0
957	2020-12-26	26	Saturday	12	December	4	Fourth	2020	0
958	2018-03-11	11	Sunday	3	March	1	First	2018	1
959	2021-05-31	31	Monday	5	May	2	Second	2021	0
960	2021-08-10	10	Tuesday	8	August	3	Third	2021	0
961	2021-12-23	23	Thursday	12	December	4	Fourth	2021	0
962	2021-09-09	9	Thursday	9	September	3	Third	2021	0
963	2020-10-18	18	Sunday	10	October	4	Fourth	2020	1
964	2019-04-08	8	Monday	4	April	2	Second	2019	0
965	2018-03-29	29	Thursday	3	March	1	First	2018	0
966	2018-10-28	28	Sunday	10	October	4	Fourth	2018	1
967	2021-11-22	22	Monday	11	November	4	Fourth	2021	0
968	2021-07-24	24	Saturday	7	July	3	Third	2021	0
969	2020-10-19	19	Monday	10	October	4	Fourth	2020	0
970	2018-11-04	4	Sunday	11	November	4	Fourth	2018	1
971	2018-09-15	15	Saturday	9	September	3	Third	2018	0
972	2019-04-24	24	Wednesday	4	April	2	Second	2019	0
973	2018-08-28	28	Tuesday	8	August	3	Third	2018	0
974	2019-08-05	5	Monday	8	August	3	Third	2019	0
975	2018-07-07	7	Saturday	7	July	3	Third	2018	0
976	2019-02-16	16	Saturday	2	February	1	First	2019	0
977	2021-08-19	19	Thursday	8	August	3	Third	2021	0
978	2018-08-31	31	Friday	8	August	3	Third	2018	0
979	2019-12-20	20	Friday	12	December	4	Fourth	2019	0
980	2021-12-28	28	Tuesday	12	December	4	Fourth	2021	0
981	2021-05-25	25	Tuesday	5	May	2	Second	2021	0
982	2020-03-31	31	Tuesday	3	March	1	First	2020	0
983	2019-12-15	15	Sunday	12	December	4	Fourth	2019	1
984	2021-06-13	13	Sunday	6	June	2	Second	2021	1
985	2021-04-14	14	Wednesday	4	April	2	Second	2021	0
986	2020-03-26	26	Thursday	3	March	1	First	2020	0
987	2018-07-26	26	Thursday	7	July	3	Third	2018	0
988	2019-10-17	17	Thursday	10	October	4	Fourth	2019	0
989	2018-04-21	21	Saturday	4	April	2	Second	2018	0
990	2018-12-27	27	Thursday	12	December	4	Fourth	2018	0
991	2020-10-05	5	Monday	10	October	4	Fourth	2020	0
992	2021-04-15	15	Thursday	4	April	2	Second	2021	0
993	2018-12-02	2	Sunday	12	December	4	Fourth	2018	1
994	2022-01-10	10	Monday	1	January	1	First	2022	0
995	2018-09-28	28	Friday	9	September	3	Third	2018	0
996	2021-03-13	13	Saturday	3	March	1	First	2021	0
997	2019-05-12	12	Sunday	5	May	2	Second	2019	1
998	2021-06-03	3	Thursday	6	June	2	Second	2021	0
999	2021-12-24	24	Friday	12	December	4	Fourth	2021	0
1000	2020-09-18	18	Friday	9	September	3	Third	2020	0
1001	2018-01-16	16	Tuesday	1	January	1	First	2018	0
1002	2019-01-13	13	Sunday	1	January	1	First	2019	1
1003	2021-06-07	7	Monday	6	June	2	Second	2021	0
1004	2020-09-08	8	Tuesday	9	September	3	Third	2020	0
1005	2021-10-06	6	Wednesday	10	October	4	Fourth	2021	0
1006	2020-05-10	10	Sunday	5	May	2	Second	2020	1
1007	2021-09-24	24	Friday	9	September	3	Third	2021	0
1008	2019-09-27	27	Friday	9	September	3	Third	2019	0
1009	2022-01-03	3	Monday	1	January	1	First	2022	0
1010	2020-07-22	22	Wednesday	7	July	3	Third	2020	0
1011	2019-05-22	22	Wednesday	5	May	2	Second	2019	0
1012	2020-12-22	22	Tuesday	12	December	4	Fourth	2020	0
1013	2021-03-04	4	Thursday	3	March	1	First	2021	0
1014	2020-12-15	15	Tuesday	12	December	4	Fourth	2020	0
1015	2019-11-30	30	Saturday	11	November	4	Fourth	2019	0
1016	2020-06-16	16	Tuesday	6	June	2	Second	2020	0
1017	2019-01-07	7	Monday	1	January	1	First	2019	0
1018	2020-08-22	22	Saturday	8	August	3	Third	2020	0
1019	2021-01-04	4	Monday	1	January	1	First	2021	0
1020	2021-11-03	3	Wednesday	11	November	4	Fourth	2021	0
1021	2020-01-04	4	Saturday	1	January	1	First	2020	0
1022	2018-03-30	30	Friday	3	March	1	First	2018	0
1023	2018-04-17	17	Tuesday	4	April	2	Second	2018	0
1024	2019-06-21	21	Friday	6	June	2	Second	2019	0
1025	2020-08-05	5	Wednesday	8	August	3	Third	2020	0
1026	2020-09-03	3	Thursday	9	September	3	Third	2020	0
1027	2020-04-01	1	Wednesday	4	April	2	Second	2020	0
1028	2018-12-11	11	Tuesday	12	December	4	Fourth	2018	0
1029	2021-04-20	20	Tuesday	4	April	2	Second	2021	0
1030	2020-02-23	23	Sunday	2	February	1	First	2020	1
1031	2018-10-07	7	Sunday	10	October	4	Fourth	2018	1
1032	2019-05-20	20	Monday	5	May	2	Second	2019	0
1033	2018-10-02	2	Tuesday	10	October	4	Fourth	2018	0
1034	2020-11-14	14	Saturday	11	November	4	Fourth	2020	0
1035	2019-03-26	26	Tuesday	3	March	1	First	2019	0
1036	2021-04-06	6	Tuesday	4	April	2	Second	2021	0
1037	2018-01-23	23	Tuesday	1	January	1	First	2018	0
1038	2020-10-17	17	Saturday	10	October	4	Fourth	2020	0
1039	2019-01-23	23	Wednesday	1	January	1	First	2019	0
1040	2019-06-30	30	Sunday	6	June	2	Second	2019	1
1041	2021-01-01	1	Friday	1	January	1	First	2021	0
1042	2021-12-31	31	Friday	12	December	4	Fourth	2021	0
1043	2021-07-11	11	Sunday	7	July	3	Third	2021	1
1044	2021-09-20	20	Monday	9	September	3	Third	2021	0
1045	2020-07-09	9	Thursday	7	July	3	Third	2020	0
1046	2018-09-22	22	Saturday	9	September	3	Third	2018	0
1047	2019-03-29	29	Friday	3	March	1	First	2019	0
1048	2019-03-10	10	Sunday	3	March	1	First	2019	1
1049	2020-11-01	1	Sunday	11	November	4	Fourth	2020	1
1050	2021-08-18	18	Wednesday	8	August	3	Third	2021	0
1051	2018-01-12	12	Friday	1	January	1	First	2018	0
1052	2021-11-17	17	Wednesday	11	November	4	Fourth	2021	0
1053	2019-11-25	25	Monday	11	November	4	Fourth	2019	0
1054	2020-10-03	3	Saturday	10	October	4	Fourth	2020	0
1055	2018-12-17	17	Monday	12	December	4	Fourth	2018	0
1056	2020-06-13	13	Saturday	6	June	2	Second	2020	0
1057	2021-10-04	4	Monday	10	October	4	Fourth	2021	0
1058	2019-04-09	9	Tuesday	4	April	2	Second	2019	0
1059	2018-10-18	18	Thursday	10	October	4	Fourth	2018	0
1060	2021-11-20	20	Saturday	11	November	4	Fourth	2021	0
1061	2019-05-14	14	Tuesday	5	May	2	Second	2019	0
1062	2019-05-28	28	Tuesday	5	May	2	Second	2019	0
1063	2019-06-27	27	Thursday	6	June	2	Second	2019	0
1064	2018-02-24	24	Saturday	2	February	1	First	2018	0
1065	2020-07-15	15	Wednesday	7	July	3	Third	2020	0
1066	2018-07-08	8	Sunday	7	July	3	Third	2018	1
1067	2019-11-06	6	Wednesday	11	November	4	Fourth	2019	0
1068	2021-02-17	17	Wednesday	2	February	1	First	2021	0
1069	2021-10-22	22	Friday	10	October	4	Fourth	2021	0
1070	2020-07-10	10	Friday	7	July	3	Third	2020	0
1071	2021-07-08	8	Thursday	7	July	3	Third	2021	0
1072	2019-08-07	7	Wednesday	8	August	3	Third	2019	0
1073	2020-09-06	6	Sunday	9	September	3	Third	2020	1
1074	2020-03-27	27	Friday	3	March	1	First	2020	0
1075	2021-08-07	7	Saturday	8	August	3	Third	2021	0
1076	2018-02-12	12	Monday	2	February	1	First	2018	0
1077	2019-02-13	13	Wednesday	2	February	1	First	2019	0
1078	2021-03-14	14	Sunday	3	March	1	First	2021	1
1079	2018-02-23	23	Friday	2	February	1	First	2018	0
1080	2018-09-18	18	Tuesday	9	September	3	Third	2018	0
1081	2021-01-06	6	Wednesday	1	January	1	First	2021	0
1082	2020-05-15	15	Friday	5	May	2	Second	2020	0
1083	2018-07-06	6	Friday	7	July	3	Third	2018	0
1084	2021-01-07	7	Thursday	1	January	1	First	2021	0
1085	2020-01-17	17	Friday	1	January	1	First	2020	0
1086	2020-01-16	16	Thursday	1	January	1	First	2020	0
1087	2021-12-13	13	Monday	12	December	4	Fourth	2021	0
1088	2020-02-10	10	Monday	2	February	1	First	2020	0
1089	2018-10-11	11	Thursday	10	October	4	Fourth	2018	0
1090	2019-05-01	1	Wednesday	5	May	2	Second	2019	0
1091	2021-08-09	9	Monday	8	August	3	Third	2021	0
1092	2018-02-27	27	Tuesday	2	February	1	First	2018	0
1093	2020-09-02	2	Wednesday	9	September	3	Third	2020	0
1094	2018-05-07	7	Monday	5	May	2	Second	2018	0
1095	2021-05-15	15	Saturday	5	May	2	Second	2021	0
1096	2020-07-27	27	Monday	7	July	3	Third	2020	0
1097	2020-04-09	9	Thursday	4	April	2	Second	2020	0
1098	2020-11-15	15	Sunday	11	November	4	Fourth	2020	1
1099	2020-06-24	24	Wednesday	6	June	2	Second	2020	0
1100	2020-04-14	14	Tuesday	4	April	2	Second	2020	0
1101	2021-04-29	29	Thursday	4	April	2	Second	2021	0
1102	2021-08-14	14	Saturday	8	August	3	Third	2021	0
1103	2019-01-19	19	Saturday	1	January	1	First	2019	0
1104	2021-08-15	15	Sunday	8	August	3	Third	2021	1
1105	2019-01-02	2	Wednesday	1	January	1	First	2019	0
1106	2018-01-08	8	Monday	1	January	1	First	2018	0
1107	2020-01-27	27	Monday	1	January	1	First	2020	0
1108	2020-09-22	22	Tuesday	9	September	3	Third	2020	0
1109	2022-01-02	2	Sunday	1	January	1	First	2022	1
1110	2021-12-14	14	Tuesday	12	December	4	Fourth	2021	0
1111	2019-12-03	3	Tuesday	12	December	4	Fourth	2019	0
1112	2019-04-22	22	Monday	4	April	2	Second	2019	0
1113	2021-01-03	3	Sunday	1	January	1	First	2021	1
1114	2021-12-02	2	Thursday	12	December	4	Fourth	2021	0
1115	2020-05-30	30	Saturday	5	May	2	Second	2020	0
1116	2022-01-13	13	Thursday	1	January	1	First	2022	0
1117	2018-09-14	14	Friday	9	September	3	Third	2018	0
1118	2019-03-06	6	Wednesday	3	March	1	First	2019	0
1119	2022-01-26	26	Wednesday	1	January	1	First	2022	0
1120	2019-12-14	14	Saturday	12	December	4	Fourth	2019	0
1121	2019-09-17	17	Tuesday	9	September	3	Third	2019	0
1122	2019-12-24	24	Tuesday	12	December	4	Fourth	2019	0
1123	2021-02-01	1	Monday	2	February	1	First	2021	0
1124	2018-10-05	5	Friday	10	October	4	Fourth	2018	0
1125	2020-07-17	17	Friday	7	July	3	Third	2020	0
1126	2018-11-12	12	Monday	11	November	4	Fourth	2018	0
1127	2021-09-04	4	Saturday	9	September	3	Third	2021	0
1128	2018-12-01	1	Saturday	12	December	4	Fourth	2018	0
1129	2018-08-27	27	Monday	8	August	3	Third	2018	0
1130	2019-02-22	22	Friday	2	February	1	First	2019	0
1131	2020-10-31	31	Saturday	10	October	4	Fourth	2020	0
1132	2020-11-29	29	Sunday	11	November	4	Fourth	2020	1
1133	2021-09-26	26	Sunday	9	September	3	Third	2021	1
1134	2021-05-19	19	Wednesday	5	May	2	Second	2021	0
1135	2018-04-04	4	Wednesday	4	April	2	Second	2018	0
1136	2018-07-25	25	Wednesday	7	July	3	Third	2018	0
1137	2019-01-05	5	Saturday	1	January	1	First	2019	0
1138	2019-07-12	12	Friday	7	July	3	Third	2019	0
1139	2019-11-10	10	Sunday	11	November	4	Fourth	2019	1
1140	2018-05-31	31	Thursday	5	May	2	Second	2018	0
1141	2018-07-12	12	Thursday	7	July	3	Third	2018	0
1142	2019-10-12	12	Saturday	10	October	4	Fourth	2019	0
1143	2018-04-18	18	Wednesday	4	April	2	Second	2018	0
1144	2019-11-15	15	Friday	11	November	4	Fourth	2019	0
1145	2018-05-10	10	Thursday	5	May	2	Second	2018	0
1146	2019-06-11	11	Tuesday	6	June	2	Second	2019	0
1147	2021-08-11	11	Wednesday	8	August	3	Third	2021	0
1148	2021-01-19	19	Tuesday	1	January	1	First	2021	0
1149	2019-01-31	31	Thursday	1	January	1	First	2019	0
1150	2022-01-12	12	Wednesday	1	January	1	First	2022	0
1151	2018-07-19	19	Thursday	7	July	3	Third	2018	0
1152	2021-05-06	6	Thursday	5	May	2	Second	2021	0
1153	2019-11-24	24	Sunday	11	November	4	Fourth	2019	1
1154	2019-09-10	10	Tuesday	9	September	3	Third	2019	0
1155	2021-01-24	24	Sunday	1	January	1	First	2021	1
1156	2019-02-01	1	Friday	2	February	1	First	2019	0
1157	2018-10-03	3	Wednesday	10	October	4	Fourth	2018	0
1158	2020-07-16	16	Thursday	7	July	3	Third	2020	0
1159	2021-07-17	17	Saturday	7	July	3	Third	2021	0
1160	2019-04-13	13	Saturday	4	April	2	Second	2019	0
1161	2018-08-30	30	Thursday	8	August	3	Third	2018	0
1162	2021-02-28	28	Sunday	2	February	1	First	2021	1
1163	2018-08-10	10	Friday	8	August	3	Third	2018	0
1164	2018-12-20	20	Thursday	12	December	4	Fourth	2018	0
1165	2020-09-12	12	Saturday	9	September	3	Third	2020	0
1166	2020-04-25	25	Saturday	4	April	2	Second	2020	0
1167	2019-10-27	27	Sunday	10	October	4	Fourth	2019	1
1168	2020-01-22	22	Wednesday	1	January	1	First	2020	0
1169	2021-05-10	10	Monday	5	May	2	Second	2021	0
1170	2018-06-11	11	Monday	6	June	2	Second	2018	0
1171	2021-01-30	30	Saturday	1	January	1	First	2021	0
1172	2019-10-28	28	Monday	10	October	4	Fourth	2019	0
1173	2018-03-25	25	Sunday	3	March	1	First	2018	1
1174	2019-01-12	12	Saturday	1	January	1	First	2019	0
1175	2021-10-08	8	Friday	10	October	4	Fourth	2021	0
1176	2018-08-08	8	Wednesday	8	August	3	Third	2018	0
1177	2020-04-05	5	Sunday	4	April	2	Second	2020	1
1178	2021-09-21	21	Tuesday	9	September	3	Third	2021	0
1179	2018-04-26	26	Thursday	4	April	2	Second	2018	0
1180	2021-01-02	2	Saturday	1	January	1	First	2021	0
1181	2019-04-21	21	Sunday	4	April	2	Second	2019	1
1182	2020-02-28	28	Friday	2	February	1	First	2020	0
1183	2019-05-03	3	Friday	5	May	2	Second	2019	0
1184	2019-04-11	11	Thursday	4	April	2	Second	2019	0
1185	2018-03-31	31	Saturday	3	March	1	First	2018	0
1186	2021-06-19	19	Saturday	6	June	2	Second	2021	0
1187	2018-05-22	22	Tuesday	5	May	2	Second	2018	0
1188	2018-10-10	10	Wednesday	10	October	4	Fourth	2018	0
1189	2020-08-26	26	Wednesday	8	August	3	Third	2020	0
1190	2021-08-08	8	Sunday	8	August	3	Third	2021	1
1191	2022-01-30	30	Sunday	1	January	1	First	2022	1
1192	2020-05-18	18	Monday	5	May	2	Second	2020	0
1193	2018-03-18	18	Sunday	3	March	1	First	2018	1
1194	2019-07-18	18	Thursday	7	July	3	Third	2019	0
1195	2018-09-12	12	Wednesday	9	September	3	Third	2018	0
1196	2018-04-29	29	Sunday	4	April	2	Second	2018	1
1197	2021-10-26	26	Tuesday	10	October	4	Fourth	2021	0
1198	2022-01-06	6	Thursday	1	January	1	First	2022	0
1199	2021-01-10	10	Sunday	1	January	1	First	2021	1
1200	2019-05-19	19	Sunday	5	May	2	Second	2019	1
1201	2018-02-14	14	Wednesday	2	February	1	First	2018	0
1202	2018-02-13	13	Tuesday	2	February	1	First	2018	0
1203	2020-06-02	2	Tuesday	6	June	2	Second	2020	0
1204	2021-04-09	9	Friday	4	April	2	Second	2021	0
1205	2021-08-02	2	Monday	8	August	3	Third	2021	0
1206	2020-05-07	7	Thursday	5	May	2	Second	2020	0
1207	2018-06-23	23	Saturday	6	June	2	Second	2018	0
1208	2019-12-01	1	Sunday	12	December	4	Fourth	2019	1
1209	2021-08-28	28	Saturday	8	August	3	Third	2021	0
1210	2019-05-02	2	Thursday	5	May	2	Second	2019	0
1211	2020-12-27	27	Sunday	12	December	4	Fourth	2020	1
1212	2020-09-29	29	Tuesday	9	September	3	Third	2020	0
1213	2018-10-19	19	Friday	10	October	4	Fourth	2018	0
1214	2021-06-24	24	Thursday	6	June	2	Second	2021	0
1215	2021-05-11	11	Tuesday	5	May	2	Second	2021	0
1216	2020-02-14	14	Friday	2	February	1	First	2020	0
1217	2020-03-13	13	Friday	3	March	1	First	2020	0
1218	2018-11-22	22	Thursday	11	November	4	Fourth	2018	0
1219	2019-07-15	15	Monday	7	July	3	Third	2019	0
1220	2019-08-30	30	Friday	8	August	3	Third	2019	0
1221	2020-12-12	12	Saturday	12	December	4	Fourth	2020	0
1222	2018-04-06	6	Friday	4	April	2	Second	2018	0
1223	2018-08-14	14	Tuesday	8	August	3	Third	2018	0
1224	2019-02-28	28	Thursday	2	February	1	First	2019	0
1225	2021-05-05	5	Wednesday	5	May	2	Second	2021	0
1226	2019-08-03	3	Saturday	8	August	3	Third	2019	0
1227	2018-10-08	8	Monday	10	October	4	Fourth	2018	0
1228	2018-04-11	11	Wednesday	4	April	2	Second	2018	0
1229	2018-08-02	2	Thursday	8	August	3	Third	2018	0
1230	2021-06-20	20	Sunday	6	June	2	Second	2021	1
1231	2020-06-23	23	Tuesday	6	June	2	Second	2020	0
1232	2018-12-21	21	Friday	12	December	4	Fourth	2018	0
1233	2018-08-06	6	Monday	8	August	3	Third	2018	0
1234	2018-12-16	16	Sunday	12	December	4	Fourth	2018	1
1235	2018-11-14	14	Wednesday	11	November	4	Fourth	2018	0
1236	2019-03-05	5	Tuesday	3	March	1	First	2019	0
1237	2021-11-19	19	Friday	11	November	4	Fourth	2021	0
1238	2020-07-03	3	Friday	7	July	3	Third	2020	0
1239	2019-06-01	1	Saturday	6	June	2	Second	2019	0
1240	2021-11-18	18	Thursday	11	November	4	Fourth	2021	0
1241	2020-10-08	8	Thursday	10	October	4	Fourth	2020	0
1242	2021-09-08	8	Wednesday	9	September	3	Third	2021	0
1243	2019-06-24	24	Monday	6	June	2	Second	2019	0
1244	2018-01-09	9	Tuesday	1	January	1	First	2018	0
1245	2018-03-21	21	Wednesday	3	March	1	First	2018	0
1246	2018-05-15	15	Tuesday	5	May	2	Second	2018	0
1247	2018-07-31	31	Tuesday	7	July	3	Third	2018	0
1248	2020-09-27	27	Sunday	9	September	3	Third	2020	1
1249	2021-05-02	2	Sunday	5	May	2	Second	2021	1
1250	2018-05-21	21	Monday	5	May	2	Second	2018	0
1251	2018-04-08	8	Sunday	4	April	2	Second	2018	1
1252	2021-01-11	11	Monday	1	January	1	First	2021	0
1253	2021-09-28	28	Tuesday	9	September	3	Third	2021	0
1254	2021-11-15	15	Monday	11	November	4	Fourth	2021	0
1255	2019-03-22	22	Friday	3	March	1	First	2019	0
1256	2018-01-18	18	Thursday	1	January	1	First	2018	0
1257	2019-09-12	12	Thursday	9	September	3	Third	2019	0
1258	2020-09-05	5	Saturday	9	September	3	Third	2020	0
1259	2020-11-07	7	Saturday	11	November	4	Fourth	2020	0
1260	2018-02-15	15	Thursday	2	February	1	First	2018	0
1261	2021-05-26	26	Wednesday	5	May	2	Second	2021	0
1262	2020-03-08	8	Sunday	3	March	1	First	2020	1
1263	2019-11-01	1	Friday	11	November	4	Fourth	2019	0
1264	2021-07-02	2	Friday	7	July	3	Third	2021	0
1265	2021-09-17	17	Friday	9	September	3	Third	2021	0
1266	2021-02-20	20	Saturday	2	February	1	First	2021	0
1267	2020-04-03	3	Friday	4	April	2	Second	2020	0
1268	2018-03-22	22	Thursday	3	March	1	First	2018	0
1269	2021-04-21	21	Wednesday	4	April	2	Second	2021	0
1270	2019-09-20	20	Friday	9	September	3	Third	2019	0
1271	2019-01-27	27	Sunday	1	January	1	First	2019	1
1272	2018-05-01	1	Tuesday	5	May	2	Second	2018	0
1273	2019-08-21	21	Wednesday	8	August	3	Third	2019	0
1274	2019-12-23	23	Monday	12	December	4	Fourth	2019	0
1275	2018-08-29	29	Wednesday	8	August	3	Third	2018	0
1276	2018-01-15	15	Monday	1	January	1	First	2018	0
1277	2020-08-01	1	Saturday	8	August	3	Third	2020	0
1278	2019-03-19	19	Tuesday	3	March	1	First	2019	0
1279	2018-04-13	13	Friday	4	April	2	Second	2018	0
1280	2020-08-10	10	Monday	8	August	3	Third	2020	0
1281	2021-09-16	16	Thursday	9	September	3	Third	2021	0
1282	2020-12-06	6	Sunday	12	December	4	Fourth	2020	1
1283	2021-07-20	20	Tuesday	7	July	3	Third	2021	0
1284	2018-07-23	23	Monday	7	July	3	Third	2018	0
1285	2018-07-28	28	Saturday	7	July	3	Third	2018	0
1286	2019-10-20	20	Sunday	10	October	4	Fourth	2019	1
1287	2020-12-08	8	Tuesday	12	December	4	Fourth	2020	0
1288	2020-03-01	1	Sunday	3	March	1	First	2020	1
1289	2018-09-24	24	Monday	9	September	3	Third	2018	0
1290	2019-10-15	15	Tuesday	10	October	4	Fourth	2019	0
1291	2020-03-17	17	Tuesday	3	March	1	First	2020	0
1292	2018-12-30	30	Sunday	12	December	4	Fourth	2018	1
1293	2019-03-04	4	Monday	3	March	1	First	2019	0
1294	2021-12-04	4	Saturday	12	December	4	Fourth	2021	0
1295	2018-10-15	15	Monday	10	October	4	Fourth	2018	0
1296	2020-12-30	30	Wednesday	12	December	4	Fourth	2020	0
1297	2018-09-29	29	Saturday	9	September	3	Third	2018	0
1298	2021-02-10	10	Wednesday	2	February	1	First	2021	0
1299	2019-09-14	14	Saturday	9	September	3	Third	2019	0
1300	2018-11-19	19	Monday	11	November	4	Fourth	2018	0
1301	2019-01-18	18	Friday	1	January	1	First	2019	0
1302	2018-10-13	13	Saturday	10	October	4	Fourth	2018	0
1303	2020-12-02	2	Wednesday	12	December	4	Fourth	2020	0
1304	2021-02-09	9	Tuesday	2	February	1	First	2021	0
1305	2018-01-31	31	Wednesday	1	January	1	First	2018	0
1306	2021-04-07	7	Wednesday	4	April	2	Second	2021	0
1307	2020-08-08	8	Saturday	8	August	3	Third	2020	0
1308	2020-08-25	25	Tuesday	8	August	3	Third	2020	0
1309	2019-10-26	26	Saturday	10	October	4	Fourth	2019	0
1310	2020-01-01	1	Wednesday	1	January	1	First	2020	0
1311	2019-12-12	12	Thursday	12	December	4	Fourth	2019	0
1312	2021-03-05	5	Friday	3	March	1	First	2021	0
1313	2019-02-18	18	Monday	2	February	1	First	2019	0
1314	2019-09-04	4	Wednesday	9	September	3	Third	2019	0
1315	2020-04-12	12	Sunday	4	April	2	Second	2020	1
1316	2021-07-31	31	Saturday	7	July	3	Third	2021	0
1317	2019-10-10	10	Thursday	10	October	4	Fourth	2019	0
1318	2020-05-16	16	Saturday	5	May	2	Second	2020	0
1319	2021-03-10	10	Wednesday	3	March	1	First	2021	0
1320	2020-02-13	13	Thursday	2	February	1	First	2020	0
1321	2018-08-16	16	Thursday	8	August	3	Third	2018	0
1322	2019-07-23	23	Tuesday	7	July	3	Third	2019	0
1323	2020-04-20	20	Monday	4	April	2	Second	2020	0
1324	2021-12-21	21	Tuesday	12	December	4	Fourth	2021	0
1325	2019-07-19	19	Friday	7	July	3	Third	2019	0
1326	2021-09-19	19	Sunday	9	September	3	Third	2021	1
1327	2020-10-28	28	Wednesday	10	October	4	Fourth	2020	0
1328	2019-06-10	10	Monday	6	June	2	Second	2019	0
1329	2019-04-03	3	Wednesday	4	April	2	Second	2019	0
1330	2018-06-20	20	Wednesday	6	June	2	Second	2018	0
1331	2019-08-13	13	Tuesday	8	August	3	Third	2019	0
1332	2018-01-21	21	Sunday	1	January	1	First	2018	1
1333	2018-07-11	11	Wednesday	7	July	3	Third	2018	0
1334	2019-12-08	8	Sunday	12	December	4	Fourth	2019	1
1335	2020-05-03	3	Sunday	5	May	2	Second	2020	1
1336	2021-06-06	6	Sunday	6	June	2	Second	2021	1
1337	2020-03-02	2	Monday	3	March	1	First	2020	0
1338	2020-10-29	29	Thursday	10	October	4	Fourth	2020	0
1339	2018-05-02	2	Wednesday	5	May	2	Second	2018	0
1340	2018-02-10	10	Saturday	2	February	1	First	2018	0
1341	2018-10-26	26	Friday	10	October	4	Fourth	2018	0
1342	2020-09-07	7	Monday	9	September	3	Third	2020	0
1343	2019-09-21	21	Saturday	9	September	3	Third	2019	0
1344	2022-01-07	7	Friday	1	January	1	First	2022	0
1345	2018-05-09	9	Wednesday	5	May	2	Second	2018	0
1346	2019-10-24	24	Thursday	10	October	4	Fourth	2019	0
1347	2021-01-15	15	Friday	1	January	1	First	2021	0
1348	2018-05-08	8	Tuesday	5	May	2	Second	2018	0
1349	2020-02-21	21	Friday	2	February	1	First	2020	0
1350	2020-11-30	30	Monday	11	November	4	Fourth	2020	0
1351	2020-04-28	28	Tuesday	4	April	2	Second	2020	0
1352	2019-01-28	28	Monday	1	January	1	First	2019	0
1353	2020-05-31	31	Sunday	5	May	2	Second	2020	1
1354	2019-07-11	11	Thursday	7	July	3	Third	2019	0
1355	2019-09-30	30	Monday	9	September	3	Third	2019	0
1356	2019-03-15	15	Friday	3	March	1	First	2019	0
1357	2019-10-07	7	Monday	10	October	4	Fourth	2019	0
1358	2018-07-20	20	Friday	7	July	3	Third	2018	0
1359	2018-12-07	7	Friday	12	December	4	Fourth	2018	0
1360	2020-03-30	30	Monday	3	March	1	First	2020	0
1361	2021-11-27	27	Saturday	11	November	4	Fourth	2021	0
1362	2020-05-09	9	Saturday	5	May	2	Second	2020	0
1363	2021-10-30	30	Saturday	10	October	4	Fourth	2021	0
1364	2019-05-30	30	Thursday	5	May	2	Second	2019	0
1365	2021-07-18	18	Sunday	7	July	3	Third	2021	1
1366	2021-02-02	2	Tuesday	2	February	1	First	2021	0
1367	2020-10-22	22	Thursday	10	October	4	Fourth	2020	0
1368	2019-02-03	3	Sunday	2	February	1	First	2019	1
1369	2019-05-26	26	Sunday	5	May	2	Second	2019	1
1370	2020-04-13	13	Monday	4	April	2	Second	2020	0
1371	2020-10-15	15	Thursday	10	October	4	Fourth	2020	0
1372	2021-03-17	17	Wednesday	3	March	1	First	2021	0
1373	2020-02-20	20	Thursday	2	February	1	First	2020	0
1374	2018-07-29	29	Sunday	7	July	3	Third	2018	1
1375	2019-11-12	12	Tuesday	11	November	4	Fourth	2019	0
1376	2020-03-14	14	Saturday	3	March	1	First	2020	0
1377	2018-07-30	30	Monday	7	July	3	Third	2018	0
1378	2020-05-02	2	Saturday	5	May	2	Second	2020	0
1379	2020-06-09	9	Tuesday	6	June	2	Second	2020	0
1380	2019-08-02	2	Friday	8	August	3	Third	2019	0
1381	2021-01-26	26	Tuesday	1	January	1	First	2021	0
1382	2019-07-10	10	Wednesday	7	July	3	Third	2019	0
1383	2020-05-20	20	Wednesday	5	May	2	Second	2020	0
1384	2021-02-22	22	Monday	2	February	1	First	2021	0
1385	2021-01-05	5	Tuesday	1	January	1	First	2021	0
1386	2018-06-15	15	Friday	6	June	2	Second	2018	0
1387	2020-08-29	29	Saturday	8	August	3	Third	2020	0
1388	2019-02-15	15	Friday	2	February	1	First	2019	0
1389	2020-04-04	4	Saturday	4	April	2	Second	2020	0
1390	2018-03-10	10	Saturday	3	March	1	First	2018	0
1391	2019-09-03	3	Tuesday	9	September	3	Third	2019	0
1392	2018-06-12	12	Tuesday	6	June	2	Second	2018	0
1393	2018-03-12	12	Monday	3	March	1	First	2018	0
1394	2020-11-22	22	Sunday	11	November	4	Fourth	2020	1
1395	2020-06-12	12	Friday	6	June	2	Second	2020	0
1396	2020-04-27	27	Monday	4	April	2	Second	2020	0
1397	2020-07-18	18	Saturday	7	July	3	Third	2020	0
1398	2018-01-17	17	Wednesday	1	January	1	First	2018	0
1399	2019-08-31	31	Saturday	8	August	3	Third	2019	0
1400	2018-01-11	11	Thursday	1	January	1	First	2018	0
1401	2020-07-05	5	Sunday	7	July	3	Third	2020	1
1402	2021-08-24	24	Tuesday	8	August	3	Third	2021	0
1403	2019-11-03	3	Sunday	11	November	4	Fourth	2019	1
1404	2020-06-10	10	Wednesday	6	June	2	Second	2020	0
1405	2019-02-27	27	Wednesday	2	February	1	First	2019	0
1406	2020-05-17	17	Sunday	5	May	2	Second	2020	1
1407	2020-05-08	8	Friday	5	May	2	Second	2020	0
1408	2018-02-28	28	Wednesday	2	February	1	First	2018	0
1409	2018-11-16	16	Friday	11	November	4	Fourth	2018	0
1410	2019-07-16	16	Tuesday	7	July	3	Third	2019	0
1411	2018-10-24	24	Wednesday	10	October	4	Fourth	2018	0
1412	2019-01-26	26	Saturday	1	January	1	First	2019	0
1413	2021-05-09	9	Sunday	5	May	2	Second	2021	1
1414	2019-06-25	25	Tuesday	6	June	2	Second	2019	0
1415	2019-09-06	6	Friday	9	September	3	Third	2019	0
1416	2018-01-29	29	Monday	1	January	1	First	2018	0
1417	2018-08-17	17	Friday	8	August	3	Third	2018	0
1418	2019-10-08	8	Tuesday	10	October	4	Fourth	2019	0
1419	2021-05-30	30	Sunday	5	May	2	Second	2021	1
1420	2018-04-19	19	Thursday	4	April	2	Second	2018	0
1421	2020-11-10	10	Tuesday	11	November	4	Fourth	2020	0
1422	2018-06-22	22	Friday	6	June	2	Second	2018	0
1423	2018-09-16	16	Sunday	9	September	3	Third	2018	1
1424	2019-05-25	25	Saturday	5	May	2	Second	2019	0
1425	2020-02-25	25	Tuesday	2	February	1	First	2020	0
1426	2018-09-05	5	Wednesday	9	September	3	Third	2018	0
1427	2019-06-29	29	Saturday	6	June	2	Second	2019	0
1428	2018-09-26	26	Wednesday	9	September	3	Third	2018	0
1429	2021-11-12	12	Friday	11	November	4	Fourth	2021	0
1430	2021-06-18	18	Friday	6	June	2	Second	2021	0
1431	2018-01-04	4	Thursday	1	January	1	First	2018	0
1432	2018-09-04	4	Tuesday	9	September	3	Third	2018	0
1433	2018-03-04	4	Sunday	3	March	1	First	2018	1
1434	2019-10-16	16	Wednesday	10	October	4	Fourth	2019	0
1435	2018-04-22	22	Sunday	4	April	2	Second	2018	1
1436	2021-07-14	14	Wednesday	7	July	3	Third	2021	0
1437	2020-09-30	30	Wednesday	9	September	3	Third	2020	0
1438	2020-02-09	9	Sunday	2	February	1	First	2020	1
1439	2020-12-23	23	Wednesday	12	December	4	Fourth	2020	0
1440	2019-02-12	12	Tuesday	2	February	1	First	2019	0
1441	2018-09-02	2	Sunday	9	September	3	Third	2018	1
1442	2019-04-26	26	Friday	4	April	2	Second	2019	0
1443	2021-12-11	11	Saturday	12	December	4	Fourth	2021	0
1444	2019-03-18	18	Monday	3	March	1	First	2019	0
1445	2019-07-21	21	Sunday	7	July	3	Third	2019	1
1446	2021-03-26	26	Friday	3	March	1	First	2021	0
1447	2018-03-09	9	Friday	3	March	1	First	2018	0
1448	2018-08-05	5	Sunday	8	August	3	Third	2018	1
1449	2019-06-17	17	Monday	6	June	2	Second	2019	0
1450	2021-09-22	22	Wednesday	9	September	3	Third	2021	0
1451	2019-09-05	5	Thursday	9	September	3	Third	2019	0
1452	2018-08-07	7	Tuesday	8	August	3	Third	2018	0
1453	2020-04-11	11	Saturday	4	April	2	Second	2020	0
1454	2018-04-07	7	Saturday	4	April	2	Second	2018	0
1455	2020-12-11	11	Friday	12	December	4	Fourth	2020	0
1456	2021-11-29	29	Monday	11	November	4	Fourth	2021	0
1457	2020-06-03	3	Wednesday	6	June	2	Second	2020	0
1458	2018-08-04	4	Saturday	8	August	3	Third	2018	0
1459	2020-06-29	29	Monday	6	June	2	Second	2020	0
1460	2021-10-20	20	Wednesday	10	October	4	Fourth	2021	0
1461	2019-02-24	24	Sunday	2	February	1	First	2019	1
1462	2019-06-18	18	Tuesday	6	June	2	Second	2019	0
1463	2021-03-30	30	Tuesday	3	March	1	First	2021	0
1464	2021-08-04	4	Wednesday	8	August	3	Third	2021	0
1465	2019-06-20	20	Thursday	6	June	2	Second	2019	0
1466	2021-05-01	1	Saturday	5	May	2	Second	2021	0
1467	2018-08-25	25	Saturday	8	August	3	Third	2018	0
1468	2021-09-25	25	Saturday	9	September	3	Third	2021	0
1469	2019-05-10	10	Friday	5	May	2	Second	2019	0
1470	2018-11-08	8	Thursday	11	November	4	Fourth	2018	0
1471	2020-01-20	20	Monday	1	January	1	First	2020	0
1472	2020-07-19	19	Sunday	7	July	3	Third	2020	1
1473	2021-10-23	23	Saturday	10	October	4	Fourth	2021	0
1474	2018-09-30	30	Sunday	9	September	3	Third	2018	1
1475	2021-09-02	2	Thursday	9	September	3	Third	2021	0
1476	2019-10-11	11	Friday	10	October	4	Fourth	2019	0
1477	2020-07-14	14	Tuesday	7	July	3	Third	2020	0
1478	2018-09-23	23	Sunday	9	September	3	Third	2018	1
1479	2019-02-09	9	Saturday	2	February	1	First	2019	0
1480	2018-05-16	16	Wednesday	5	May	2	Second	2018	0
1481	2021-12-20	20	Monday	12	December	4	Fourth	2021	0
1482	2019-02-06	6	Wednesday	2	February	1	First	2019	0
1483	2021-02-14	14	Sunday	2	February	1	First	2021	1
1484	2018-10-29	29	Monday	10	October	4	Fourth	2018	0
1485	2021-02-19	19	Friday	2	February	1	First	2021	0
1486	2018-02-11	11	Sunday	2	February	1	First	2018	1
1487	2020-06-28	28	Sunday	6	June	2	Second	2020	1
1488	2020-04-10	10	Friday	4	April	2	Second	2020	0
1489	2021-10-16	16	Saturday	10	October	4	Fourth	2021	0
1490	2019-07-17	17	Wednesday	7	July	3	Third	2019	0
1491	2019-10-03	3	Thursday	10	October	4	Fourth	2019	0
1492	2020-05-24	24	Sunday	5	May	2	Second	2020	1
1493	2022-03-01	1	Tuesday	3	March	1	First	2022	0
1494	2022-02-22	22	Tuesday	2	February	1	First	2022	0
1495	2022-02-27	27	Sunday	2	February	1	First	2022	1
1496	2022-02-28	28	Monday	2	February	1	First	2022	0
1497	2022-02-04	4	Friday	2	February	1	First	2022	0
1498	2022-02-11	11	Friday	2	February	1	First	2022	0
1499	2022-03-03	3	Thursday	3	March	1	First	2022	0
1500	2022-02-15	15	Tuesday	2	February	1	First	2022	0
1501	2022-02-25	25	Friday	2	February	1	First	2022	0
1502	2022-02-24	24	Thursday	2	February	1	First	2022	0
1503	2022-02-21	21	Monday	2	February	1	First	2022	0
1504	2022-02-09	9	Wednesday	2	February	1	First	2022	0
1505	2022-02-14	14	Monday	2	February	1	First	2022	0
1506	2022-02-05	5	Saturday	2	February	1	First	2022	0
1507	2022-02-19	19	Saturday	2	February	1	First	2022	0
1508	2022-02-17	17	Thursday	2	February	1	First	2022	0
1509	2022-02-23	23	Wednesday	2	February	1	First	2022	0
1510	2022-02-20	20	Sunday	2	February	1	First	2022	1
1511	2022-02-18	18	Friday	2	February	1	First	2022	0
1512	2022-02-08	8	Tuesday	2	February	1	First	2022	0
1513	2022-02-01	1	Tuesday	2	February	1	First	2022	0
1514	2022-02-16	16	Wednesday	2	February	1	First	2022	0
1515	2022-02-10	10	Thursday	2	February	1	First	2022	0
1516	2022-02-03	3	Thursday	2	February	1	First	2022	0
1517	2022-02-02	2	Wednesday	2	February	1	First	2022	0
1518	2022-02-13	13	Sunday	2	February	1	First	2022	1
1519	2022-02-26	26	Saturday	2	February	1	First	2022	0
1520	2022-02-12	12	Saturday	2	February	1	First	2022	0
1521	2022-03-02	2	Wednesday	3	March	1	First	2022	0
1522	2022-02-06	6	Sunday	2	February	1	First	2022	1
1523	2022-02-07	7	Monday	2	February	1	First	2022	0
1524	2022-04-12	12	Tuesday	4	April	2	Second	2022	0
1525	2022-05-05	5	Thursday	5	May	2	Second	2022	0
1526	2022-08-31	31	Wednesday	8	August	3	Third	2022	0
1527	2022-07-27	27	Wednesday	7	July	3	Third	2022	0
1528	2022-03-15	15	Tuesday	3	March	1	First	2022	0
1529	2022-11-17	17	Thursday	11	November	4	Fourth	2022	0
1530	2022-09-22	22	Thursday	9	September	3	Third	2022	0
1531	2022-03-12	12	Saturday	3	March	1	First	2022	0
1532	2022-09-01	1	Thursday	9	September	3	Third	2022	0
1533	2022-04-07	7	Thursday	4	April	2	Second	2022	0
1534	2022-09-19	19	Monday	9	September	3	Third	2022	0
1535	2022-07-07	7	Thursday	7	July	3	Third	2022	0
1536	2022-07-21	21	Thursday	7	July	3	Third	2022	0
1537	2022-03-27	27	Sunday	3	March	1	First	2022	1
1538	2022-06-06	6	Monday	6	June	2	Second	2022	0
1539	2022-07-04	4	Monday	7	July	3	Third	2022	0
1540	2022-09-14	14	Wednesday	9	September	3	Third	2022	0
1541	2022-07-11	11	Monday	7	July	3	Third	2022	0
1542	2022-10-02	2	Sunday	10	October	4	Fourth	2022	1
1543	2022-06-27	27	Monday	6	June	2	Second	2022	0
1544	2022-08-20	20	Saturday	8	August	3	Third	2022	0
1545	2022-11-30	30	Wednesday	11	November	4	Fourth	2022	0
1546	2022-09-08	8	Thursday	9	September	3	Third	2022	0
1547	2022-08-03	3	Wednesday	8	August	3	Third	2022	0
1548	2022-03-22	22	Tuesday	3	March	1	First	2022	0
1549	2022-08-01	1	Monday	8	August	3	Third	2022	0
1550	2023-01-13	13	Friday	1	January	1	First	2023	0
1551	2022-03-08	8	Tuesday	3	March	1	First	2022	0
1552	2022-03-23	23	Wednesday	3	March	1	First	2022	0
1553	2022-10-06	6	Thursday	10	October	4	Fourth	2022	0
1554	2022-07-16	16	Saturday	7	July	3	Third	2022	0
1555	2022-10-30	30	Sunday	10	October	4	Fourth	2022	1
1556	2022-06-04	4	Saturday	6	June	2	Second	2022	0
1557	2022-04-02	2	Saturday	4	April	2	Second	2022	0
1558	2022-12-21	21	Wednesday	12	December	4	Fourth	2022	0
1559	2022-03-17	17	Thursday	3	March	1	First	2022	0
1560	2022-12-16	16	Friday	12	December	4	Fourth	2022	0
1561	2022-06-23	23	Thursday	6	June	2	Second	2022	0
1562	2022-11-18	18	Friday	11	November	4	Fourth	2022	0
1563	2022-11-01	1	Tuesday	11	November	4	Fourth	2022	0
1564	2022-12-14	14	Wednesday	12	December	4	Fourth	2022	0
1565	2022-04-27	27	Wednesday	4	April	2	Second	2022	0
1566	2022-06-22	22	Wednesday	6	June	2	Second	2022	0
1567	2022-04-18	18	Monday	4	April	2	Second	2022	0
1568	2022-06-26	26	Sunday	6	June	2	Second	2022	1
1569	2022-05-30	30	Monday	5	May	2	Second	2022	0
1570	2022-06-25	25	Saturday	6	June	2	Second	2022	0
1571	2022-05-07	7	Saturday	5	May	2	Second	2022	0
1572	2022-05-19	19	Thursday	5	May	2	Second	2022	0
1573	2022-10-13	13	Thursday	10	October	4	Fourth	2022	0
1574	2022-07-26	26	Tuesday	7	July	3	Third	2022	0
1575	2022-04-16	16	Saturday	4	April	2	Second	2022	0
1576	2022-05-12	12	Thursday	5	May	2	Second	2022	0
1577	2022-06-09	9	Thursday	6	June	2	Second	2022	0
1578	2022-09-17	17	Saturday	9	September	3	Third	2022	0
1579	2022-06-20	20	Monday	6	June	2	Second	2022	0
1580	2023-01-06	6	Friday	1	January	1	First	2023	0
1581	2022-05-03	3	Tuesday	5	May	2	Second	2022	0
1582	2022-07-03	3	Sunday	7	July	3	Third	2022	1
1583	2022-04-08	8	Friday	4	April	2	Second	2022	0
1584	2022-10-01	1	Saturday	10	October	4	Fourth	2022	0
1585	2022-10-26	26	Wednesday	10	October	4	Fourth	2022	0
1586	2022-08-19	19	Friday	8	August	3	Third	2022	0
1587	2022-03-31	31	Thursday	3	March	1	First	2022	0
1588	2022-08-06	6	Saturday	8	August	3	Third	2022	0
1589	2022-11-15	15	Tuesday	11	November	4	Fourth	2022	0
1590	2022-03-06	6	Sunday	3	March	1	First	2022	1
1591	2022-06-14	14	Tuesday	6	June	2	Second	2022	0
1592	2022-03-20	20	Sunday	3	March	1	First	2022	1
1593	2022-09-29	29	Thursday	9	September	3	Third	2022	0
1594	2022-03-11	11	Friday	3	March	1	First	2022	0
1595	2022-12-20	20	Tuesday	12	December	4	Fourth	2022	0
1596	2022-06-29	29	Wednesday	6	June	2	Second	2022	0
1597	2022-10-12	12	Wednesday	10	October	4	Fourth	2022	0
1598	2022-07-13	13	Wednesday	7	July	3	Third	2022	0
1599	2022-06-01	1	Wednesday	6	June	2	Second	2022	0
1600	2022-09-11	11	Sunday	9	September	3	Third	2022	1
1601	2022-09-27	27	Tuesday	9	September	3	Third	2022	0
1602	2022-04-11	11	Monday	4	April	2	Second	2022	0
1603	2022-08-05	5	Friday	8	August	3	Third	2022	0
1604	2022-05-20	20	Friday	5	May	2	Second	2022	0
1605	2022-05-02	2	Monday	5	May	2	Second	2022	0
1606	2022-03-19	19	Saturday	3	March	1	First	2022	0
1607	2022-08-10	10	Wednesday	8	August	3	Third	2022	0
1608	2022-08-11	11	Thursday	8	August	3	Third	2022	0
1609	2022-05-17	17	Tuesday	5	May	2	Second	2022	0
1610	2022-06-18	18	Saturday	6	June	2	Second	2022	0
1611	2022-06-30	30	Thursday	6	June	2	Second	2022	0
1612	2022-07-24	24	Sunday	7	July	3	Third	2022	1
1613	2022-03-26	26	Saturday	3	March	1	First	2022	0
1614	2022-07-25	25	Monday	7	July	3	Third	2022	0
1615	2022-10-09	9	Sunday	10	October	4	Fourth	2022	1
1616	2022-04-04	4	Monday	4	April	2	Second	2022	0
1617	2022-10-04	4	Tuesday	10	October	4	Fourth	2022	0
1618	2022-06-03	3	Friday	6	June	2	Second	2022	0
1619	2022-10-29	29	Saturday	10	October	4	Fourth	2022	0
1620	2022-09-12	12	Monday	9	September	3	Third	2022	0
1621	2022-05-24	24	Tuesday	5	May	2	Second	2022	0
1622	2022-05-28	28	Saturday	5	May	2	Second	2022	0
1623	2022-10-08	8	Saturday	10	October	4	Fourth	2022	0
1624	2022-04-25	25	Monday	4	April	2	Second	2022	0
1625	2022-11-24	24	Thursday	11	November	4	Fourth	2022	0
1626	2022-04-10	10	Sunday	4	April	2	Second	2022	1
1627	2022-07-31	31	Sunday	7	July	3	Third	2022	1
1628	2022-07-14	14	Thursday	7	July	3	Third	2022	0
1629	2022-07-01	1	Friday	7	July	3	Third	2022	0
1630	2022-12-22	22	Thursday	12	December	4	Fourth	2022	0
1631	2022-12-12	12	Monday	12	December	4	Fourth	2022	0
1632	2022-09-26	26	Monday	9	September	3	Third	2022	0
1633	2022-04-22	22	Friday	4	April	2	Second	2022	0
1634	2022-08-29	29	Monday	8	August	3	Third	2022	0
1635	2022-03-07	7	Monday	3	March	1	First	2022	0
1636	2022-04-13	13	Wednesday	4	April	2	Second	2022	0
1637	2022-12-11	11	Sunday	12	December	4	Fourth	2022	1
1638	2022-05-22	22	Sunday	5	May	2	Second	2022	1
1639	2022-04-15	15	Friday	4	April	2	Second	2022	0
1640	2022-08-17	17	Wednesday	8	August	3	Third	2022	0
1641	2022-11-09	9	Wednesday	11	November	4	Fourth	2022	0
1642	2022-09-05	5	Monday	9	September	3	Third	2022	0
1643	2022-05-23	23	Monday	5	May	2	Second	2022	0
1644	2022-05-18	18	Wednesday	5	May	2	Second	2022	0
1645	2022-07-15	15	Friday	7	July	3	Third	2022	0
1646	2022-06-10	10	Friday	6	June	2	Second	2022	0
1647	2022-12-18	18	Sunday	12	December	4	Fourth	2022	1
1648	2022-03-25	25	Friday	3	March	1	First	2022	0
1649	2022-11-05	5	Saturday	11	November	4	Fourth	2022	0
1650	2022-04-28	28	Thursday	4	April	2	Second	2022	0
1651	2022-03-18	18	Friday	3	March	1	First	2022	0
1652	2022-08-28	28	Sunday	8	August	3	Third	2022	1
1653	2022-03-04	4	Friday	3	March	1	First	2022	0
1654	2022-08-13	13	Saturday	8	August	3	Third	2022	0
1655	2022-04-21	21	Thursday	4	April	2	Second	2022	0
1656	2022-04-14	14	Thursday	4	April	2	Second	2022	0
1657	2022-08-22	22	Monday	8	August	3	Third	2022	0
1658	2022-09-25	25	Sunday	9	September	3	Third	2022	1
1659	2022-08-07	7	Sunday	8	August	3	Third	2022	1
1660	2022-05-11	11	Wednesday	5	May	2	Second	2022	0
1661	2022-12-24	24	Saturday	12	December	4	Fourth	2022	0
1662	2022-11-11	11	Friday	11	November	4	Fourth	2022	0
1663	2022-05-25	25	Wednesday	5	May	2	Second	2022	0
1664	2022-05-31	31	Tuesday	5	May	2	Second	2022	0
1665	2022-10-25	25	Tuesday	10	October	4	Fourth	2022	0
1666	2022-03-16	16	Wednesday	3	March	1	First	2022	0
1667	2022-08-26	26	Friday	8	August	3	Third	2022	0
1668	2022-11-19	19	Saturday	11	November	4	Fourth	2022	0
1669	2022-04-05	5	Tuesday	4	April	2	Second	2022	0
1670	2022-12-06	6	Tuesday	12	December	4	Fourth	2022	0
1671	2022-08-09	9	Tuesday	8	August	3	Third	2022	0
1672	2022-11-27	27	Sunday	11	November	4	Fourth	2022	1
1673	2022-03-05	5	Saturday	3	March	1	First	2022	0
1674	2022-05-14	14	Saturday	5	May	2	Second	2022	0
1675	2022-06-17	17	Friday	6	June	2	Second	2022	0
1676	2022-09-23	23	Friday	9	September	3	Third	2022	0
1677	2022-06-02	2	Thursday	6	June	2	Second	2022	0
1678	2022-06-11	11	Saturday	6	June	2	Second	2022	0
1679	2022-09-02	2	Friday	9	September	3	Third	2022	0
1680	2022-03-30	30	Wednesday	3	March	1	First	2022	0
1681	2022-08-15	15	Monday	8	August	3	Third	2022	0
1682	2022-06-28	28	Tuesday	6	June	2	Second	2022	0
1683	2023-01-29	29	Sunday	1	January	1	First	2023	1
1684	2022-10-31	31	Monday	10	October	4	Fourth	2022	0
1685	2022-11-08	8	Tuesday	11	November	4	Fourth	2022	0
1686	2022-09-20	20	Tuesday	9	September	3	Third	2022	0
1687	2022-05-08	8	Sunday	5	May	2	Second	2022	1
1688	2022-04-06	6	Wednesday	4	April	2	Second	2022	0
1689	2022-06-07	7	Tuesday	6	June	2	Second	2022	0
1690	2022-10-19	19	Wednesday	10	October	4	Fourth	2022	0
1691	2022-06-15	15	Wednesday	6	June	2	Second	2022	0
1692	2022-04-17	17	Sunday	4	April	2	Second	2022	1
1693	2022-10-07	7	Friday	10	October	4	Fourth	2022	0
1694	2022-03-14	14	Monday	3	March	1	First	2022	0
1695	2022-10-18	18	Tuesday	10	October	4	Fourth	2022	0
1696	2022-05-27	27	Friday	5	May	2	Second	2022	0
1697	2022-08-30	30	Tuesday	8	August	3	Third	2022	0
1698	2022-07-08	8	Friday	7	July	3	Third	2022	0
1699	2022-04-29	29	Friday	4	April	2	Second	2022	0
1700	2022-10-11	11	Tuesday	10	October	4	Fourth	2022	0
1701	2022-07-12	12	Tuesday	7	July	3	Third	2022	0
1702	2022-07-05	5	Tuesday	7	July	3	Third	2022	0
1703	2022-04-19	19	Tuesday	4	April	2	Second	2022	0
1704	2023-02-03	3	Friday	2	February	1	First	2023	0
1705	2022-04-09	9	Saturday	4	April	2	Second	2022	0
1706	2023-01-20	20	Friday	1	January	1	First	2023	0
1707	2022-04-30	30	Saturday	4	April	2	Second	2022	0
1708	2022-05-21	21	Saturday	5	May	2	Second	2022	0
1709	2022-11-04	4	Friday	11	November	4	Fourth	2022	0
1710	2022-12-01	1	Thursday	12	December	4	Fourth	2022	0
1711	2022-09-24	24	Saturday	9	September	3	Third	2022	0
1712	2022-06-12	12	Sunday	6	June	2	Second	2022	1
1713	2022-10-22	22	Saturday	10	October	4	Fourth	2022	0
1714	2022-05-01	1	Sunday	5	May	2	Second	2022	1
1715	2022-07-09	9	Saturday	7	July	3	Third	2022	0
1716	2022-06-05	5	Sunday	6	June	2	Second	2022	1
1717	2022-05-13	13	Friday	5	May	2	Second	2022	0
1718	2022-07-30	30	Saturday	7	July	3	Third	2022	0
1719	2023-02-11	11	Saturday	2	February	1	First	2023	0
1720	2022-07-02	2	Saturday	7	July	3	Third	2022	0
1721	2022-05-04	4	Wednesday	5	May	2	Second	2022	0
1722	2023-01-02	2	Monday	1	January	1	First	2023	0
1723	2022-06-16	16	Thursday	6	June	2	Second	2022	0
1724	2022-12-29	29	Thursday	12	December	4	Fourth	2022	0
1725	2022-07-20	20	Wednesday	7	July	3	Third	2022	0
1726	2022-10-28	28	Friday	10	October	4	Fourth	2022	0
1727	2022-07-19	19	Tuesday	7	July	3	Third	2022	0
1728	2022-08-08	8	Monday	8	August	3	Third	2022	0
1729	2022-11-03	3	Thursday	11	November	4	Fourth	2022	0
1730	2022-04-26	26	Tuesday	4	April	2	Second	2022	0
1731	2022-03-21	21	Monday	3	March	1	First	2022	0
1732	2022-09-13	13	Tuesday	9	September	3	Third	2022	0
1733	2022-12-10	10	Saturday	12	December	4	Fourth	2022	0
1734	2022-10-03	3	Monday	10	October	4	Fourth	2022	0
1735	2022-06-19	19	Sunday	6	June	2	Second	2022	1
1736	2022-11-10	10	Thursday	11	November	4	Fourth	2022	0
1737	2022-07-23	23	Saturday	7	July	3	Third	2022	0
1738	2022-03-24	24	Thursday	3	March	1	First	2022	0
1739	2022-06-13	13	Monday	6	June	2	Second	2022	0
1740	2022-11-16	16	Wednesday	11	November	4	Fourth	2022	0
1741	2022-11-26	26	Saturday	11	November	4	Fourth	2022	0
1742	2022-10-17	17	Monday	10	October	4	Fourth	2022	0
1743	2022-10-23	23	Sunday	10	October	4	Fourth	2022	1
1744	2022-09-18	18	Sunday	9	September	3	Third	2022	1
1745	2022-10-14	14	Friday	10	October	4	Fourth	2022	0
1746	2022-11-06	6	Sunday	11	November	4	Fourth	2022	1
1747	2022-03-13	13	Sunday	3	March	1	First	2022	1
1748	2022-05-29	29	Sunday	5	May	2	Second	2022	1
1749	2022-06-24	24	Friday	6	June	2	Second	2022	0
1750	2022-04-20	20	Wednesday	4	April	2	Second	2022	0
